ASX_Code,Company,Headline,Date,CR_Price,Current_Price,Price_Diff_%,PDF_Link
AUE,AURUM RESOURCES LIMITED,Aurum raises $28.8M via Strategic Placement,2026-03-22,0.6,0.515,-14.17,https://cdn-api.markitdigital.com/apiman-gateway/ASX/asx-research/1.0/file/2924-03070979-6A1317444?access_token=83ff96335c2d45a094df02a206a39ff4
D3E,D3 ENERGY LIMITED,Substantial excess demand received for $6.12m Placement,2026-03-22,0.36,0.435,20.83,https://cdn-api.markitdigital.com/apiman-gateway/ASX/asx-research/1.0/file/2924-03070949-6A1317427?access_token=83ff96335c2d45a094df02a206a39ff4
KLI,KILLI RESOURCES LIMITED,Nev Power appointed Non-Executive Chair and $1.4m Placement,2026-03-22,0.038,0.115,202.63,https://cdn-api.markitdigital.com/apiman-gateway/ASX/asx-research/1.0/file/2924-03071006-6A1317467?access_token=83ff96335c2d45a094df02a206a39ff4
EVE,EVE HEALTH GROUP LIMITED,Prospectus,2026-03-20,0.02,0.02,0.0,https://cdn-api.markitdigital.com/apiman-gateway/ASX/asx-research/1.0/file/2924-03070526-6A1317266?access_token=83ff96335c2d45a094df02a206a39ff4
BTR,BRIGHTSTAR RESOURCES LIMITED,Funding Package Completed - Fully Funded for Production,2026-03-19,0.5,0.3,-40.0,https://cdn-api.markitdigital.com/apiman-gateway/ASX/asx-research/1.0/file/2924-03070462-6A1317256?access_token=83ff96335c2d45a094df02a206a39ff4
CC9,CHARIOT RESOURCES LTD,Shares Issued Pursuant to $2.15m Placement,2026-03-19,0.1,0.072,-28.0,https://cdn-api.markitdigital.com/apiman-gateway/ASX/asx-research/1.0/file/2924-03070457-6A1317252?access_token=83ff96335c2d45a094df02a206a39ff4
KEY,KEY PETROLEUM LIMITED,Placement,2026-03-19,0.058,0.046,-20.69,https://cdn-api.markitdigital.com/apiman-gateway/ASX/asx-research/1.0/file/2924-03070128-6A1317116?access_token=83ff96335c2d45a094df02a206a39ff4
GSN,GREAT SOUTHERN MINING LIMITED,$4.6 MILLION PLACEMENT TO DRIVE AGGRESSIVE GOLD DRILLING,2026-03-19,0.028,0.024,-14.29,https://cdn-api.markitdigital.com/apiman-gateway/ASX/asx-research/1.0/file/2924-03070467-6A1317238?access_token=83ff96335c2d45a094df02a206a39ff4
SMI,SANTANA MINERALS LIMITED,Results of the Share Purchase Plan,2026-03-19,0.9,0.785,-12.78,https://cdn-api.markitdigital.com/apiman-gateway/ASX/asx-research/1.0/file/2924-03070491-6A1317261?access_token=83ff96335c2d45a094df02a206a39ff4
MGT,MAGNETITE MINES LIMITED.,Renounceable Rights Issue Closing,2026-03-19,0.04,0.038,-5.0,https://cdn-api.markitdigital.com/apiman-gateway/ASX/asx-research/1.0/file/2924-03070126-6A1317115?access_token=83ff96335c2d45a094df02a206a39ff4
WQG,WCM GLOBAL GROWTH LIMITED,Successful Completion of Offer and Placement,2026-03-19,1.75,1.765,0.86,https://cdn-api.markitdigital.com/apiman-gateway/ASX/asx-research/1.0/file/2924-03070435-3A689793?access_token=83ff96335c2d45a094df02a206a39ff4
SGA,SARYTOGAN GRAPHITE LIMITED,$2M Cash Received,2026-03-19,0.08,0.084,5.0,https://cdn-api.markitdigital.com/apiman-gateway/ASX/asx-research/1.0/file/2924-03070123-6A1317114?access_token=83ff96335c2d45a094df02a206a39ff4
SMS,STAR MINERALS LIMITED,Completion of Agreement with Catalyst Metals,2026-03-18,0.062,0.041,-33.87,https://cdn-api.markitdigital.com/apiman-gateway/ASX/asx-research/1.0/file/2924-03069962-6A1317048?access_token=83ff96335c2d45a094df02a206a39ff4
NVO,NOVO RESOURCES CORP,Options Quotation,2026-03-18,0.105,0.076,-27.62,https://cdn-api.markitdigital.com/apiman-gateway/ASX/asx-research/1.0/file/2924-03070026-6A1317074?access_token=83ff96335c2d45a094df02a206a39ff4
CXO,CORE LITHIUM LTD,$120 million Institutional Placement Supports Finniss FID,2026-03-18,0.21,0.195,-7.14,https://cdn-api.markitdigital.com/apiman-gateway/ASX/asx-research/1.0/file/2924-03070053-2A1661222?access_token=83ff96335c2d45a094df02a206a39ff4
FND,FINDI LIMITED,Findi Completes Settlement of T1 of Institutional Placement,2026-03-18,0.7,0.73,4.29,https://cdn-api.markitdigital.com/apiman-gateway/ASX/asx-research/1.0/file/2924-03070089-3A689736?access_token=83ff96335c2d45a094df02a206a39ff4
TMK,TMK ENERGY LIMITED,TMK Raises $6M in Oversubscribed Placement,2026-03-18,0.12,0.145,20.83,https://cdn-api.markitdigital.com/apiman-gateway/ASX/asx-research/1.0/file/2924-03070062-6A1317088?access_token=83ff96335c2d45a094df02a206a39ff4
MHC,MANHATTAN GOLD CORPORATION LIMITED,Strongly Supported $3 Million Placement to Advance Hook Lake,2026-03-17,0.024,0.021,-12.5,https://cdn-api.markitdigital.com/apiman-gateway/ASX/asx-research/1.0/file/2924-03069595-6A1316862?access_token=83ff96335c2d45a094df02a206a39ff4
VMM,VIRIDIS MINING AND MINERALS LIMITED,Strong Global Institutional Demand Drives A$25M Placement,2026-03-17,1.9,1.69,-11.05,https://cdn-api.markitdigital.com/apiman-gateway/ASX/asx-research/1.0/file/2924-03069608-6A1316902?access_token=83ff96335c2d45a094df02a206a39ff4
ANX,ANAX METALS LIMITED,$10 Million Capital Raising,2026-03-17,0.023,0.023,0.0,https://cdn-api.markitdigital.com/apiman-gateway/ASX/asx-research/1.0/file/2924-03069625-6A1316909?access_token=83ff96335c2d45a094df02a206a39ff4
OSL,ONCOSIL MEDICAL LTD,Results of Entitlement Offer,2026-03-16,0.68,0.4925,-27.57,https://cdn-api.markitdigital.com/apiman-gateway/ASX/asx-research/1.0/file/2924-03069084-2A1660747?access_token=83ff96335c2d45a094df02a206a39ff4
HRZ,HORIZON MINERALS LIMITED,Results of Share Purchase Plan,2026-03-16,1.08,0.815,-24.54,https://cdn-api.markitdigital.com/apiman-gateway/ASX/asx-research/1.0/file/2924-03069008-6A1316701?access_token=83ff96335c2d45a094df02a206a39ff4
ERE,EUROPEAN RESOURCES LIMITED,Renounceable Rights Issue to raise up to $4.3 million,2026-03-16,0.019,0.018,-5.26,https://cdn-api.markitdigital.com/apiman-gateway/ASX/asx-research/1.0/file/2924-03069107-2A1660758?access_token=83ff96335c2d45a094df02a206a39ff4
VEN,VINTAGE ENERGY LTD,Capital raising,2026-03-16,0.004,0.004,0.0,https://cdn-api.markitdigital.com/apiman-gateway/ASX/asx-research/1.0/file/2924-03069199-2A1660813?access_token=83ff96335c2d45a094df02a206a39ff4
A11,ATLANTIC LITHIUM LIMITED,Corporate Funding Update,2026-03-16,0.277,0.285,2.89,https://cdn-api.markitdigital.com/apiman-gateway/ASX/asx-research/1.0/file/2924-03069208-2A1660820?access_token=83ff96335c2d45a094df02a206a39ff4
PER,PERCHERON THERAPEUTICS LIMITED,Non-renounceable Entitlement Offer - Amended Timetable,2026-03-16,0.005,0.0055,10.0,https://cdn-api.markitdigital.com/apiman-gateway/ASX/asx-research/1.0/file/2924-03068702-3A689496?access_token=83ff96335c2d45a094df02a206a39ff4
M2R,MIRAMAR RESOURCES LIMITED,$1.49M Placement Completed to Fund Gold & Copper Exploration,2026-03-15,0.003,0.003,0.0,https://cdn-api.markitdigital.com/apiman-gateway/ASX/asx-research/1.0/file/2924-03068440-6A1316421?access_token=83ff96335c2d45a094df02a206a39ff4
ONE,ONEVIEW HEALTHCARE PLC,Oneview Healthcare undertakes A$19 million Placement and lau,2026-03-15,0.19,0.2,5.26,https://cdn-api.markitdigital.com/apiman-gateway/ASX/asx-research/1.0/file/2924-03068421-2A1660441?access_token=83ff96335c2d45a094df02a206a39ff4
BAS,BASS OIL LIMITED,Successful $3 Million Placement,2026-03-15,0.063,0.072,14.29,https://cdn-api.markitdigital.com/apiman-gateway/ASX/asx-research/1.0/file/2924-03068645-3A689475?access_token=83ff96335c2d45a094df02a206a39ff4
R8R,REGENER8 RESOURCES NL,Regener8 Launches Entitlement Offer,2026-03-15,0.1,0.165,65.0,https://cdn-api.markitdigital.com/apiman-gateway/ASX/asx-research/1.0/file/2924-03068561-6A1316416?access_token=83ff96335c2d45a094df02a206a39ff4
EMP,EMPEROR ENERGY LIMITED,Successful $17.5M Placement,2026-03-13,0.12,0.1,-16.67,https://cdn-api.markitdigital.com/apiman-gateway/ASX/asx-research/1.0/file/2924-03067942-2A1660035?access_token=83ff96335c2d45a094df02a206a39ff4
TZL,TZ LIMITED,TZL Announces Capital Raise and Appointment of Group CEO,2026-03-12,0.05,0.032,-36.0,https://cdn-api.markitdigital.com/apiman-gateway/ASX/asx-research/1.0/file/2924-03067699-2A1659951?access_token=83ff96335c2d45a094df02a206a39ff4
CPN,CASPIN RESOURCES LIMITED,Capital Raising,2026-03-12,0.135,0.1,-25.93,https://cdn-api.markitdigital.com/apiman-gateway/ASX/asx-research/1.0/file/2924-03067912-6A1316197?access_token=83ff96335c2d45a094df02a206a39ff4
CY5,CYGNUS METALS LIMITED,Successful A$25m Placement,2026-03-12,0.16,0.12,-25.0,https://cdn-api.markitdigital.com/apiman-gateway/ASX/asx-research/1.0/file/2924-03067897-6A1316187?access_token=83ff96335c2d45a094df02a206a39ff4
ADX,ADX ENERGY LTD,ADX Secures $4.4 million from a Strongly Supported Placement,2026-03-12,0.027,0.026,-3.7,https://cdn-api.markitdigital.com/apiman-gateway/ASX/asx-research/1.0/file/2924-03067869-6A1316168?access_token=83ff96335c2d45a094df02a206a39ff4
CMO,COSMO METALS LIMITED,Completion of Entitlement Offer,2026-03-11,0.01,0.007,-30.0,https://cdn-api.markitdigital.com/apiman-gateway/ASX/asx-research/1.0/file/2924-03067442-6A1315998?access_token=83ff96335c2d45a094df02a206a39ff4
IMU,IMUGENE LIMITED,"$20M placement and SPP, convertible notes amended",2026-03-11,0.18,0.14,-22.22,https://cdn-api.markitdigital.com/apiman-gateway/ASX/asx-research/1.0/file/2924-03067034-3A689206?access_token=83ff96335c2d45a094df02a206a39ff4
EV1,EVOLUTION ENERGY MINERALS LIMITED,Rights Issue Closes Oversubscribed,2026-03-11,0.015,0.012,-20.0,https://cdn-api.markitdigital.com/apiman-gateway/ASX/asx-research/1.0/file/2924-03066977-6A1315806?access_token=83ff96335c2d45a094df02a206a39ff4
AIV,ACTIVEX LIMITED,PLACEMENT OF SHARES,2026-03-11,0.02,0.019,-5.0,https://cdn-api.markitdigital.com/apiman-gateway/ASX/asx-research/1.0/file/2924-03066969-2A1659602?access_token=83ff96335c2d45a094df02a206a39ff4
MFG,MAGELLAN FINANCIAL GROUP LIMITED,Notice of EGM and Share Purchase Plan Booklet,2026-03-10,8.45,10.21,20.83,https://cdn-api.markitdigital.com/apiman-gateway/ASX/asx-research/1.0/file/2924-03066839-2A1659541?access_token=83ff96335c2d45a094df02a206a39ff4
CTQ,CARETEQ LIMITED,Careteq completes $2.2m capital raising,2026-03-10,0.005,0.008,60.0,https://cdn-api.markitdigital.com/apiman-gateway/ASX/asx-research/1.0/file/2924-03066923-2A1659551?access_token=83ff96335c2d45a094df02a206a39ff4
ATV,ACTIVEPORT GROUP LTD,ATV Capital Raising Correction,2026-03-08,0.033,0.007,-78.79,https://cdn-api.markitdigital.com/apiman-gateway/ASX/asx-research/1.0/file/2924-03065737-6A1315275?access_token=83ff96335c2d45a094df02a206a39ff4
TSR,TURNSTONE RESOURCES LTD,A$1.25 Million Placement to Advance Copper-Gold Exploration,2026-03-08,0.03,0.024,-20.0,https://cdn-api.markitdigital.com/apiman-gateway/ASX/asx-research/1.0/file/2924-03065893-6A1315331?access_token=83ff96335c2d45a094df02a206a39ff4
CRS,CAPRICE RESOURCES LTD,$12.74M Placement to Accelerate Exploration Drilling,2026-03-08,0.08,0.075,-6.25,https://cdn-api.markitdigital.com/apiman-gateway/ASX/asx-research/1.0/file/2924-03065927-6A1315353?access_token=83ff96335c2d45a094df02a206a39ff4
AXP,AXP ENERGY LIMITED,"Successful $800,000 Placement",2026-03-08,0.012,0.0125,4.17,https://cdn-api.markitdigital.com/apiman-gateway/ASX/asx-research/1.0/file/2924-03065926-2A1658970?access_token=83ff96335c2d45a094df02a206a39ff4
GT3,GREEN360 TECHNOLOGIES LIMITED,Completion of $4.5 Million Placement,2026-03-05,0.04,0.032,-20.0,https://cdn-api.markitdigital.com/apiman-gateway/ASX/asx-research/1.0/file/2924-03065341-6A1315082?access_token=83ff96335c2d45a094df02a206a39ff4
G88,GOLDEN MILE RESOURCES LTD,Private Placement to Raise $730K,2026-03-05,0.006,0.006,0.0,https://cdn-api.markitdigital.com/apiman-gateway/ASX/asx-research/1.0/file/2924-03065302-3A688899?access_token=83ff96335c2d45a094df02a206a39ff4
SPX,SPENDA LIMITED,Private Placement raise of $1.4m,2026-03-05,0.002,0.002,0.0,https://cdn-api.markitdigital.com/apiman-gateway/ASX/asx-research/1.0/file/2924-03065359-3A688931?access_token=83ff96335c2d45a094df02a206a39ff4
CYM,CYPRIUM METALS LIMITED,Results of Entitlement Offer,2026-03-04,0.52,0.33,-36.54,https://cdn-api.markitdigital.com/apiman-gateway/ASX/asx-research/1.0/file/2924-03064868-6A1314934?access_token=83ff96335c2d45a094df02a206a39ff4
PV1,PROVARIS ENERGY LTD,Funding to Advance 2026 Development Milestones,2026-03-04,0.01,0.009,-10.0,https://cdn-api.markitdigital.com/apiman-gateway/ASX/asx-research/1.0/file/2924-03064883-6A1314925?access_token=83ff96335c2d45a094df02a206a39ff4
ID8,IDENTITII LIMITED,Rights Issue Closure and Shortfall Notification,2026-03-04,0.007,0.007,0.0,https://cdn-api.markitdigital.com/apiman-gateway/ASX/asx-research/1.0/file/2924-03064758-2A1658045?access_token=83ff96335c2d45a094df02a206a39ff4
PIL,PEPPERMINT INNOVATION LIMITED,Peppermint attracts $2.1M from Philippines Payment Sector,2026-03-04,0.0035,0.004,14.29,https://cdn-api.markitdigital.com/apiman-gateway/ASX/asx-research/1.0/file/2924-03064609-6A1314832?access_token=83ff96335c2d45a094df02a206a39ff4
AVL,AUSTRALIAN VANADIUM LIMITED,$7.5m Placement to Accelerate Integrated Strategy,2026-03-03,0.26,0.195,-25.0,https://cdn-api.markitdigital.com/apiman-gateway/ASX/asx-research/1.0/file/2924-03064329-6A1314717?access_token=83ff96335c2d45a094df02a206a39ff4
PYC,PYC THERAPEUTICS LIMITED,Completion of Retail Entitlement Offer,2026-03-03,1.5,1.2,-20.0,https://cdn-api.markitdigital.com/apiman-gateway/ASX/asx-research/1.0/file/2924-03064354-6A1314757?access_token=83ff96335c2d45a094df02a206a39ff4
C1X,COSMOS EXPLORATION LIMITED,C1X advises intention to exercise EAU Lithium Option,2026-03-03,0.2,0.18,-10.0,https://cdn-api.markitdigital.com/apiman-gateway/ASX/asx-research/1.0/file/2924-03064394-6A1314731?access_token=83ff96335c2d45a094df02a206a39ff4
AUB,AUB GROUP LIMITED,AUB Group successfully completes Share Purchase Plan,2026-03-03,23.62,23.8,0.76,https://cdn-api.markitdigital.com/apiman-gateway/ASX/asx-research/1.0/file/2924-03064261-2A1657751?access_token=83ff96335c2d45a094df02a206a39ff4
HRN,HORIZON GOLD LIMITED,Non-Renounceable Issue | A$30m Equity Raising to accelerate Gum Creek Gold Project,2026-03-03,1.2,1.21,0.83,https://cdn-api.markitdigital.com/apiman-gateway/ASX/asx-research/1.0/file/2924-03064384-6A1314752?access_token=83ff96335c2d45a094df02a206a39ff4
FHS,FREEHILL MINING LIMITED,$1.5m Placement to Fund Exploration & Processing Activities,2026-03-02,0.003,0.002,-33.33,https://cdn-api.markitdigital.com/apiman-gateway/ASX/asx-research/1.0/file/2924-03063945-3A688634?access_token=83ff96335c2d45a094df02a206a39ff4
IVR,INVESTIGATOR SILVER LIMITED,A$55M Placement to accelerate Paris,2026-03-02,0.086,0.061,-29.07,https://cdn-api.markitdigital.com/apiman-gateway/ASX/asx-research/1.0/file/2924-03063884-2A1657479?access_token=83ff96335c2d45a094df02a206a39ff4
ARL,ARDEA RESOURCES LIMITED,Successful $5M Placement and launch of Share Purchase Plan,2026-03-02,0.6,0.51,-15.0,https://cdn-api.markitdigital.com/apiman-gateway/ASX/asx-research/1.0/file/2924-03063803-6A1314498?access_token=83ff96335c2d45a094df02a206a39ff4
GW1,GREENWING RESOURCES LTD,Investor Presentation | Equity Raising,2026-03-02,0.042,0.04,-4.76,https://cdn-api.markitdigital.com/apiman-gateway/ASX/asx-research/1.0/file/2924-03063813-6A1314524?access_token=83ff96335c2d45a094df02a206a39ff4
RCR,RINCON RESOURCES LIMITED,Successful Completion of $3.1 Million Placement,2026-03-01,0.025,0.015,-40.0,https://cdn-api.markitdigital.com/apiman-gateway/ASX/asx-research/1.0/file/2924-03063360-6A1314368?access_token=83ff96335c2d45a094df02a206a39ff4
NAG,NAGAMBIE RESOURCES LIMITED,2026 Share Purchase Plan,2026-03-01,0.013,0.013,0.0,https://cdn-api.markitdigital.com/apiman-gateway/ASX/asx-research/1.0/file/2924-03063463-3A688538?access_token=83ff96335c2d45a094df02a206a39ff4
HFY,HUBIFY LIMITED,HFY Strategic Placement 27 Feb 2026,2026-02-26,0.042,0.016,-61.9,https://cdn-api.markitdigital.com/apiman-gateway/ASX/asx-research/1.0/file/2924-03062309-2A1656650?access_token=83ff96335c2d45a094df02a206a39ff4
X2M,X2M CONNECT LIMITED,$3m capital raise,2026-02-26,0.006,0.004,-33.33,https://cdn-api.markitdigital.com/apiman-gateway/ASX/asx-research/1.0/file/2924-03062372-3A688282?access_token=83ff96335c2d45a094df02a206a39ff4
TM1,TERRA METALS LIMITED,$85 Million Institutional Placement to Advance Southwest,2026-02-26,0.37,0.26,-29.73,https://cdn-api.markitdigital.com/apiman-gateway/ASX/asx-research/1.0/file/2924-03062542-6A1314064?access_token=83ff96335c2d45a094df02a206a39ff4
PRO,PROPHECY INTERNATIONAL HOLDINGS LIMITED,Prophecy Completes Equity Raising,2026-02-26,0.15,0.11,-26.67,https://cdn-api.markitdigital.com/apiman-gateway/ASX/asx-research/1.0/file/2924-03062677-2A1656838?access_token=83ff96335c2d45a094df02a206a39ff4
KCC,KINCORA COPPER LIMITED,Kincora raises $4 million in Strongly Supported Placement,2026-02-26,1.05,0.805,-23.33,https://cdn-api.markitdigital.com/apiman-gateway/ASX/asx-research/1.0/file/2924-03062532-6A1314063?access_token=83ff96335c2d45a094df02a206a39ff4
ACW,ACTINOGEN MEDICAL LIMITED,ACW successfully completes $16.8m Placement and SPP,2026-02-26,0.042,0.035,-16.67,https://cdn-api.markitdigital.com/apiman-gateway/ASX/asx-research/1.0/file/2924-03062510-2A1656756?access_token=83ff96335c2d45a094df02a206a39ff4
AEV,AVENIRA LIMITED,Additional Investment from Sichuan Hebang Biotechnology,2026-02-26,0.0075,0.008,6.67,https://cdn-api.markitdigital.com/apiman-gateway/ASX/asx-research/1.0/file/2924-03062537-6A1314082?access_token=83ff96335c2d45a094df02a206a39ff4
CCO,THE CALMER CO INTERNATIONAL LIMITED,The Calmer Co raises $1.6m in placement,2026-02-25,0.0035,0.0025,-28.57,https://cdn-api.markitdigital.com/apiman-gateway/ASX/asx-research/1.0/file/2924-03061706-6A1313808?access_token=83ff96335c2d45a094df02a206a39ff4
ENX,ENEGEX LIMITED,$10.2M Placement to Explore Expansive Tenure in Cote DIvoire,2026-02-25,0.23,0.185,-19.57,https://cdn-api.markitdigital.com/apiman-gateway/ASX/asx-research/1.0/file/2924-03061723-6A1313822?access_token=83ff96335c2d45a094df02a206a39ff4
HTG,HARVEST TECHNOLOGY GROUP LTD,Placement Raises A$1.63 million,2026-02-25,0.014,0.013,-7.14,https://cdn-api.markitdigital.com/apiman-gateway/ASX/asx-research/1.0/file/2924-03061803-6A1313851?access_token=83ff96335c2d45a094df02a206a39ff4
BAP,BAPCOR LIMITED,"Equity Raising Presentation | 2026 Half Year Financial Results, Outlook and Equity Raising",2026-02-25,0.6,0.59,-1.67,https://cdn-api.markitdigital.com/apiman-gateway/ASX/asx-research/1.0/file/2924-03061710-3A688135?access_token=83ff96335c2d45a094df02a206a39ff4
1TT,THRIVE TRIBE TECHNOLOGIES LIMITED,Completion of Capital Raise,2026-02-25,0.0008,0.001,25.0,https://cdn-api.markitdigital.com/apiman-gateway/ASX/asx-research/1.0/file/2924-03061795-2A1656321?access_token=83ff96335c2d45a094df02a206a39ff4
CHM,CHIMERIC THERAPEUTICS LIMITED,Funding and EGM update,2026-02-24,0.003,0.001,-66.67,https://cdn-api.markitdigital.com/apiman-gateway/ASX/asx-research/1.0/file/2924-03060774-2A1655725?access_token=83ff96335c2d45a094df02a206a39ff4
CAE,CANNINDAH RESOURCES LIMITED,Share Purchase Plan (SPP) closes oversubscribed,2026-02-24,0.045,0.03,-33.33,https://cdn-api.markitdigital.com/apiman-gateway/ASX/asx-research/1.0/file/2924-03060811-6A1313583?access_token=83ff96335c2d45a094df02a206a39ff4
AAM,AUMEGA METALS LTD,AuMEGA Provides Update on Recent $30M Financing Announcement,2026-02-24,0.0413,0.031,-24.94,https://cdn-api.markitdigital.com/apiman-gateway/ASX/asx-research/1.0/file/2924-03060571-6A1313555?access_token=83ff96335c2d45a094df02a206a39ff4
EGA,EASTERN GAS CORPORATION LIMITED,Replacement Prospectus,2026-02-24,0.2,0.175,-12.5,https://cdn-api.markitdigital.com/apiman-gateway/ASX/asx-research/1.0/file/2924-03060352-2A1655512?access_token=83ff96335c2d45a094df02a206a39ff4
RRR,REVOLVER RESOURCES HOLDINGS LTD,Successful A$2.6M Capital Raising To Advance Dianne,2026-02-24,0.07,0.063,-10.0,https://cdn-api.markitdigital.com/apiman-gateway/ASX/asx-research/1.0/file/2924-03060947-6A1313605?access_token=83ff96335c2d45a094df02a206a39ff4
AHF,AUSTRALIAN DAIRY NUTRITIONALS LIMITED,Completion of the Entitlement Offer,2026-02-24,0.028,0.028,0.0,https://cdn-api.markitdigital.com/apiman-gateway/ASX/asx-research/1.0/file/2924-03060800-3A687952?access_token=83ff96335c2d45a094df02a206a39ff4
CTN,CATALINA RESOURCES LTD,Catalina Divests NBR and Strengthens Balance Sheet,2026-02-23,0.115,0.06,-47.83,https://cdn-api.markitdigital.com/apiman-gateway/ASX/asx-research/1.0/file/2924-03060169-6A1313383?access_token=83ff96335c2d45a094df02a206a39ff4
A4N,ALPHA HPA LIMITED,Completion of Share Purchase Plan,2026-02-23,0.64,0.505,-21.09,https://cdn-api.markitdigital.com/apiman-gateway/ASX/asx-research/1.0/file/2924-03060166-2A1655410?access_token=83ff96335c2d45a094df02a206a39ff4
VRL,VERITY RESOURCES LIMITED,Entitlement Offer Open/Despatch Letter Eligible Shareholders,2026-02-23,0.025,0.021,-16.0,https://cdn-api.markitdigital.com/apiman-gateway/ASX/asx-research/1.0/file/2924-03059637-6A1313204?access_token=83ff96335c2d45a094df02a206a39ff4
GCI,GRYPHON CAPITAL INCOME TRUST,Completion of Placement,2026-02-23,2,1.985,-0.75,https://cdn-api.markitdigital.com/apiman-gateway/ASX/asx-research/1.0/file/2924-03060165-2A1655307?access_token=83ff96335c2d45a094df02a206a39ff4
GNE,GENESIS ENERGY LIMITED,Genesis completes NZ$100m Placement,2026-02-23,1.73,1.785,3.18,https://cdn-api.markitdigital.com/apiman-gateway/ASX/asx-research/1.0/file/2924-03060044-2A1655260?access_token=83ff96335c2d45a094df02a206a39ff4
TER,TERRACOM LIMITED,Placement,2026-02-23,0.06,0.115,91.67,https://cdn-api.markitdigital.com/apiman-gateway/ASX/asx-research/1.0/file/2924-03059898-2A1655250?access_token=83ff96335c2d45a094df02a206a39ff4
CLA,CELSIUS RESOURCES LIMITED,Celsius Raises A$9.3m in Strong Institutional Placement,2026-02-22,0.02,0.011,-45.0,https://cdn-api.markitdigital.com/apiman-gateway/ASX/asx-research/1.0/file/2924-03059496-6A1313109?access_token=83ff96335c2d45a094df02a206a39ff4
1MC,MORELLA CORPORATION LIMITED,Firm Commitments Received For $2.1 Million Placement,2026-02-22,0.04,0.0285,-28.75,https://cdn-api.markitdigital.com/apiman-gateway/ASX/asx-research/1.0/file/2924-03059578-6A1313119?access_token=83ff96335c2d45a094df02a206a39ff4
AGD,AUSTRAL GOLD LIMITED,Austral Gold Completes A$8.456 million Strategic Placement,2026-02-22,0.18,0.13,-27.78,https://cdn-api.markitdigital.com/apiman-gateway/ASX/asx-research/1.0/file/2924-03059598-2A1655088?access_token=83ff96335c2d45a094df02a206a39ff4
WAA,WAM ACTIVE LIMITED,Oversubscribed Entitlement Offer and Placement raises $70.7,2026-02-22,1,0.905,-9.5,https://cdn-api.markitdigital.com/apiman-gateway/ASX/asx-research/1.0/file/2924-03059530-2A1655050?access_token=83ff96335c2d45a094df02a206a39ff4
WSR,WESTAR RESOURCES LIMITED,Placement to raise $1.49M,2026-02-22,0.005,0.006,20.0,https://cdn-api.markitdigital.com/apiman-gateway/ASX/asx-research/1.0/file/2924-03059568-2A1655052?access_token=83ff96335c2d45a094df02a206a39ff4
TDO,3D ENERGI LIMITED,December 2025 Placement Options Prospectus | October 2025 Placement Options Prospectus,2026-02-19,0.11,0.08,-27.27,https://cdn-api.markitdigital.com/apiman-gateway/ASX/asx-research/1.0/file/2924-03058500-3A687486?access_token=83ff96335c2d45a094df02a206a39ff4
PMT,PMET RESOURCES INC,Closing of Flow-Through Private Placement & Public Offering,2026-02-19,0.55,0.41,-25.45,https://cdn-api.markitdigital.com/apiman-gateway/ASX/asx-research/1.0/file/2924-03058752-6A1312906?access_token=83ff96335c2d45a094df02a206a39ff4
AR1,AUSTRAL RESOURCES AUSTRALIA LTD,Binding Commitments Received for QIC-led $65m Fundraising,2026-02-19,0.09,0.069,-23.33,https://cdn-api.markitdigital.com/apiman-gateway/ASX/asx-research/1.0/file/2924-03058457-2A1654525?access_token=83ff96335c2d45a094df02a206a39ff4
KNI,KUNIKO LIMITED,A$3.75m Placement to Drive Commonwealth Project,2026-02-19,0.053,0.045,-15.09,https://cdn-api.markitdigital.com/apiman-gateway/ASX/asx-research/1.0/file/2924-03058888-6A1312940?access_token=83ff96335c2d45a094df02a206a39ff4
FTI,FORTIFAI LTD,FortifAI Raises $5M in Strategic Placement,2026-02-19,0.3,0.28,-6.67,https://cdn-api.markitdigital.com/apiman-gateway/ASX/asx-research/1.0/file/2924-03058892-2A1654737?access_token=83ff96335c2d45a094df02a206a39ff4
MC2,MARIMACA COPPER CORP,Marimaca Copper Completes Bookbuild for A$423 Million,2026-02-18,10.35,7.53,-27.25,https://cdn-api.markitdigital.com/apiman-gateway/ASX/asx-research/1.0/file/2924-03058378-6A1312747?access_token=83ff96335c2d45a094df02a206a39ff4
ABE,AUSTRALIAN BOND EXCHANGE HOLDINGS LIMITED,Placement,2026-02-17,0.03,0.02,-33.33,https://cdn-api.markitdigital.com/apiman-gateway/ASX/asx-research/1.0/file/2924-03057531-2A1654039?access_token=83ff96335c2d45a094df02a206a39ff4
ADR,ADHERIUM LIMITED,Completion of Placement and Institutional Entitlement Offer,2026-02-17,0.003,0.002,-33.33,https://cdn-api.markitdigital.com/apiman-gateway/ASX/asx-research/1.0/file/2924-03057815-3A687336?access_token=83ff96335c2d45a094df02a206a39ff4
PHO,PHOSCO LTD,Strongly Supported $5M Placement,2026-02-17,0.12,0.1,-16.67,https://cdn-api.markitdigital.com/apiman-gateway/ASX/asx-research/1.0/file/2924-03057831-3A687344?access_token=83ff96335c2d45a094df02a206a39ff4
QEM,QEM LIMITED,Capital Raising,2026-02-17,0.024,0.036,50.0,https://cdn-api.markitdigital.com/apiman-gateway/ASX/asx-research/1.0/file/2924-03057747-6A1312542?access_token=83ff96335c2d45a094df02a206a39ff4
BOT,BOTANIX PHARMACEUTICALS LTD,Botanix Pharmaceuticals Capital Raising Presentation | Botanix Receives Capital Raise Commitments of A$45 Million,2026-02-16,0.06,0.041,-31.67,https://cdn-api.markitdigital.com/apiman-gateway/ASX/asx-research/1.0/file/2924-03057291-6A1312367?access_token=83ff96335c2d45a094df02a206a39ff4
TWL,TRADE WINDOW HOLDINGS LIMITED,Share Purchase Plan Results,2026-02-16,0.23,0.165,-28.26,https://cdn-api.markitdigital.com/apiman-gateway/ASX/asx-research/1.0/file/2924-03057075-2A1653872?access_token=83ff96335c2d45a094df02a206a39ff4
29M,29METALS LIMITED,Completion of Retail Entitlement Offer,2026-02-16,0.4,0.315,-21.25,https://cdn-api.markitdigital.com/apiman-gateway/ASX/asx-research/1.0/file/2924-03057175-3A687220?access_token=83ff96335c2d45a094df02a206a39ff4
BPH,BPH ENERGY LTD,Options Placement,2026-02-16,0.009,0.008,-11.11,https://cdn-api.markitdigital.com/apiman-gateway/ASX/asx-research/1.0/file/2924-03057052-6A1312274?access_token=83ff96335c2d45a094df02a206a39ff4
NX1,NEXALIS THERAPEUTICS LTD,ALLOTMENT OF SECURITIES FOLLOWING SHAREHOLDER APPROVAL,2026-02-16,0.025,0.023,-8.0,https://cdn-api.markitdigital.com/apiman-gateway/ASX/asx-research/1.0/file/2924-03057337-3A687257?access_token=83ff96335c2d45a094df02a206a39ff4
TKM,TREK METALS LIMITED,$15M Capital Raising to Underpin Major Drilling Program,2026-02-16,0.15,0.14,-6.67,https://cdn-api.markitdigital.com/apiman-gateway/ASX/asx-research/1.0/file/2924-03057230-6A1312337?access_token=83ff96335c2d45a094df02a206a39ff4
ELT,ELEMENTOS LIMITED,$29.5 Million Strategic Placement to L1 Capital,2026-02-16,0.34,0.33,-2.94,https://cdn-api.markitdigital.com/apiman-gateway/ASX/asx-research/1.0/file/2924-03057323-2A1653928?access_token=83ff96335c2d45a094df02a206a39ff4
LOT,LOTUS RESOURCES LIMITED,Open of Share Purchase Plan and Offer Documents,2026-02-15,2.15,1.265,-41.16,https://cdn-api.markitdigital.com/apiman-gateway/ASX/asx-research/1.0/file/2924-03056704-6A1312121?access_token=83ff96335c2d45a094df02a206a39ff4
PSC,PROSPECT RESOURCES LIMITED,A$45M Placement to Advance the Mumbezhi Copper Project,2026-02-15,0.38,0.275,-27.63,https://cdn-api.markitdigital.com/apiman-gateway/ASX/asx-research/1.0/file/2924-03056757-6A1312116?access_token=83ff96335c2d45a094df02a206a39ff4
CEN,CONTACT ENERGY LIMITED,"CEN advances investments, $525m equity raise announced",2026-02-15,7.43,7.53,1.35,https://cdn-api.markitdigital.com/apiman-gateway/ASX/asx-research/1.0/file/2924-03056520-2A1653607?access_token=83ff96335c2d45a094df02a206a39ff4
SWP,SWOOP HOLDINGS LIMITED,Placement of Entitlement Offer Shortfall,2026-02-15,0.1,0.14,40.0,https://cdn-api.markitdigital.com/apiman-gateway/ASX/asx-research/1.0/file/2924-03056750-2A1653699?access_token=83ff96335c2d45a094df02a206a39ff4
SHO,SPORTSHERO LIMITED,$4.3m in firm commitments received for private placement,2026-02-15,0.075,0.105,40.0,https://cdn-api.markitdigital.com/apiman-gateway/ASX/asx-research/1.0/file/2924-03056739-6A1312095?access_token=83ff96335c2d45a094df02a206a39ff4
GLL,GALILEE ENERGY LIMITED,Options Prospectus,2026-02-13,0.007,0.006,-14.29,https://cdn-api.markitdigital.com/apiman-gateway/ASX/asx-research/1.0/file/2924-03056309-2A1653529?access_token=83ff96335c2d45a094df02a206a39ff4
HCH,HOT CHILI LIMITED,Hot Chili Closes A$40 Million Private Placement,2026-02-12,1.65,1.175,-28.79,https://cdn-api.markitdigital.com/apiman-gateway/ASX/asx-research/1.0/file/2924-03056030-6A1311841?access_token=83ff96335c2d45a094df02a206a39ff4
OVT,OVANTI LIMITED,Ovanti Completes Capital Raise,2026-02-12,0.001374,0.001,-27.22,https://cdn-api.markitdigital.com/apiman-gateway/ASX/asx-research/1.0/file/2924-03056198-2A1653463?access_token=83ff96335c2d45a094df02a206a39ff4
CBE,COBRE LIMITED,Cobre Raises $60M to Control World-Class Copper Project,2026-02-12,0.15,0.135,-10.0,https://cdn-api.markitdigital.com/apiman-gateway/ASX/asx-research/1.0/file/2924-03055827-2A1653287?access_token=83ff96335c2d45a094df02a206a39ff4
SKY,SKY METALS LIMITED,$20.5m Capital Raise to Accelerate the Tallebung Tin Project,2026-02-12,0.155,0.145,-6.45,https://cdn-api.markitdigital.com/apiman-gateway/ASX/asx-research/1.0/file/2924-03056191-2A1653421?access_token=83ff96335c2d45a094df02a206a39ff4
MEU,MARMOTA LIMITED,Marmota raises $15 million in highly successful placement,2026-02-11,0.135,0.091,-32.59,https://cdn-api.markitdigital.com/apiman-gateway/ASX/asx-research/1.0/file/2924-03055660-2A1653167?access_token=83ff96335c2d45a094df02a206a39ff4
CYC,CYCLOPHARM LIMITED,Share Purchase Plan Offer Booklet,2026-02-11,0.95,0.75,-21.05,https://cdn-api.markitdigital.com/apiman-gateway/ASX/asx-research/1.0/file/2924-03055682-2A1653225?access_token=83ff96335c2d45a094df02a206a39ff4
ENV,ENOVA MINING LIMITED,Enova Completes Strongly Supported $2M Equity Raise,2026-02-11,0.006,0.005,-16.67,https://cdn-api.markitdigital.com/apiman-gateway/ASX/asx-research/1.0/file/2924-03055778-3A686974?access_token=83ff96335c2d45a094df02a206a39ff4
ERL,EMPIRE RESOURCES LIMITED,Empire Receives Firm Commitments for A$5 Million Placement,2026-02-11,0.008,0.01,25.0,https://cdn-api.markitdigital.com/apiman-gateway/ASX/asx-research/1.0/file/2924-03055452-6A1311550?access_token=83ff96335c2d45a094df02a206a39ff4
DUN,DUNDAS MINERALS LIMITED,Exploration Funded,2026-02-11,0.038,0.048,26.32,https://cdn-api.markitdigital.com/apiman-gateway/ASX/asx-research/1.0/file/2924-03055716-6A1311677?access_token=83ff96335c2d45a094df02a206a39ff4
BPM,BPM MINERALS LIMITED,A$3.5 million placement completed,2026-02-10,0.23,0.165,-28.26,https://cdn-api.markitdigital.com/apiman-gateway/ASX/asx-research/1.0/file/2924-03055142-6A1311456?access_token=83ff96335c2d45a094df02a206a39ff4
HCL,HIGHCOM LIMITED,Capital Raise Presentation | Placement and Share Purchase Plan,2026-02-10,0.2,0.17,-15.0,https://cdn-api.markitdigital.com/apiman-gateway/ASX/asx-research/1.0/file/2924-03055293-3A686881?access_token=83ff96335c2d45a094df02a206a39ff4
REV,REVOLUTION PRIVATE CREDIT INCOME TRUST,Placement closing announcement,2026-02-10,2,1.99,-0.5,https://cdn-api.markitdigital.com/apiman-gateway/ASX/asx-research/1.0/file/2924-03055253-2A1652978?access_token=83ff96335c2d45a094df02a206a39ff4
GR8,GREAT DIRT RESOURCES LTD,Firm Commitments Received for $1.446 Million - Placement,2026-02-10,0.155,0.525,238.71,https://cdn-api.markitdigital.com/apiman-gateway/ASX/asx-research/1.0/file/2924-03055271-6A1311485?access_token=83ff96335c2d45a094df02a206a39ff4
