Rank,Title,Year,Duration,Classification,Rating,Votes,Description,Directors,Stars
1,The Shawshank Redemption,1994,2h 22m,R,9.3,3.1M,"A banker convicted of uxoricide forms a friendship over a quarter century with a hardened convict, while maintaining his innocence and trying to remain hopeful through simple compassion.",Frank Darabont,"Tim Robbins, Morgan Freeman, Bob Gunton"
2,The Godfather,1972,2h 55m,R,9.2,2.2M,The aging patriarch of an organized crime dynasty transfers control of his clandestine empire to his reluctant son.,Francis Ford Coppola,"Marlon Brando, Al Pacino, James Caan"
3,The Dark Knight,2008,2h 32m,PG-13,9.1,3.1M,"When a menace known as the Joker wreaks havoc and chaos on the people of Gotham, Batman, James Gordon and Harvey Dent must work together to put an end to the madness.",Christopher Nolan,"Christian Bale, Heath Ledger, Aaron Eckhart"
4,The Godfather Part II,1974,3h 22m,R,9.0,1.5M,"The early life and career of Vito Corleone in 1920s New York City is portrayed, while his son, Michael, expands and tightens his grip on the family crime syndicate.",Francis Ford Coppola,"Al Pacino, Robert De Niro, Robert Duvall"
5,12 Angry Men,1957,1h 36m,Approved,9.0,963K,The jury in a New York City murder trial is frustrated by a single member whose skeptical caution forces them to more carefully consider the evidence before jumping to a hasty verdict.,Sidney Lumet,"Henry Fonda, Lee J. Cobb, Martin Balsam"
6,The Lord of the Rings: The Return of the King,2003,3h 21m,PG-13,9.0,2.1M,Gandalf and Aragorn lead the World of Men against Sauron's army to draw his gaze from Frodo and Sam as they approach Mount Doom with the One Ring.,Peter Jackson,"Elijah Wood, Viggo Mortensen, Ian McKellen"
7,Schindler's List,1993,3h 15m,R,9.0,1.6M,"In German-occupied Poland during World War II, industrialist Oskar Schindler gradually becomes concerned for his Jewish workforce after witnessing their persecution by the Nazis.",Steven Spielberg,"Liam Neeson, Ralph Fiennes, Ben Kingsley"
8,The Lord of the Rings: The Fellowship of the Ring,2001,2h 58m,PG-13,8.9,2.2M,A meek Hobbit from the Shire and eight companions set out on a journey to destroy the powerful One Ring and save Middle-earth from the Dark Lord Sauron.,Peter Jackson,"Elijah Wood, Ian McKellen, Orlando Bloom"
9,Pulp Fiction,1994,2h 34m,R,8.8,2.4M,"The lives of two mob hitmen, a boxer, a gangster and his wife, and a pair of diner bandits intertwine in four tales of violence and redemption.",Quentin Tarantino,"John Travolta, Uma Thurman, Samuel L. Jackson"
10,"The Good, the Bad and the Ugly",1966,2h 58m,R,8.8,879K,A bounty-hunting scam joins two men in an uneasy alliance against a third in a race to find a fortune in gold buried in a remote cemetery.,Sergio Leone,"Clint Eastwood, Eli Wallach, Lee Van Cleef"
11,The Lord of the Rings: The Two Towers,2002,2h 59m,PG-13,8.8,1.9M,"While Frodo and Sam edge closer to Mordor with the help of the shifty Gollum, the divided fellowship makes a stand against Sauron's new ally, Saruman, and his hordes of Isengard.",Peter Jackson,"Elijah Wood, Ian McKellen, Viggo Mortensen"
12,Forrest Gump,1994,2h 22m,PG-13,8.8,2.4M,"The history of the United States from the 1950s to the '70s unfolds from the perspective of an Alabama man with an IQ of 75, who yearns to be reunited with his childhood sweetheart.",Robert Zemeckis,"Tom Hanks, Robin Wright, Gary Sinise"
13,Fight Club,1999,2h 19m,R,8.8,2.5M,An insomniac office worker and a devil-may-care soap maker form an underground fight club that evolves into much more.,David Fincher,"Brad Pitt, Edward Norton, Meat Loaf"
14,Inception,2010,2h 28m,PG-13,8.8,2.8M,"A thief who steals corporate secrets through the use of dream-sharing technology is given the inverse task of planting an idea into the mind of a CEO, but his tragic past may doom the project and his team to disaster.",Christopher Nolan,"Leonardo DiCaprio, Joseph Gordon-Levitt, Elliot Page"
15,Star Wars: Episode V - The Empire Strikes Back,1980,2h 4m,PG,8.7,1.5M,"After the Empire overpowers the Rebel Alliance, Luke Skywalker begins training with Jedi Master Yoda, while Darth Vader and bounty hunter Boba Fett pursue his friends across the galaxy.",Irvin Kershner,"Mark Hamill, Harrison Ford, Carrie Fisher"
16,The Matrix,1999,2h 16m,R,8.7,2.2M,"When a beautiful stranger leads computer hacker Neo to a forbidding underworld, he discovers the shocking truth--the life he knows is the elaborate deception of an evil cyber-intelligence.","Lana Wachowski, Lilly Wachowski","Keanu Reeves, Laurence Fishburne, Carrie-Anne Moss"
17,Goodfellas,1990,2h 25m,R,8.7,1.4M,"The story of Henry Hill and his life in the mafia, covering his relationship with his wife Karen and his mob partners Jimmy Conway and Tommy DeVito.",Martin Scorsese,"Robert De Niro, Ray Liotta, Joe Pesci"
18,Interstellar,2014,2h 49m,PG-13,8.7,2.4M,"When Earth becomes uninhabitable in the future, a farmer and ex-NASA pilot, Joseph Cooper, is tasked to pilot a spacecraft, along with a team of researchers, to find a new planet for humans.",Christopher Nolan,"Matthew McConaughey, Anne Hathaway, Jessica Chastain"
19,One Flew Over the Cuckoo's Nest,1975,2h 13m,R,8.6,1.1M,"A rebellious convict is sent to a psychiatric hospital for evaluation in 1963 Oregon, and encourages his docile companions to take more control of their lives and defy the tyrannical head nurse.",Milos Forman,"Jack Nicholson, Louise Fletcher, Michael Berryman"
20,Se7en,1995,2h 7m,R,8.6,2M,"Two detectives, a rookie and a veteran, hunt a serial killer who uses the seven deadly sins as his motives.",David Fincher,"Morgan Freeman, Brad Pitt, Kevin Spacey"
21,It's a Wonderful Life,1946,2h 10m,PG,8.6,543K,An angel is sent from Heaven to help a desperately frustrated businessman see the value of his own life.,Frank Capra,"James Stewart, Donna Reed, Lionel Barrymore"
22,The Silence of the Lambs,1991,1h 58m,R,8.6,1.7M,"A young F.B.I. cadet must receive the help of an incarcerated and manipulative cannibal killer to help catch another serial killer, a madman who skins his victims.",Jonathan Demme,"Jodie Foster, Anthony Hopkins, Scott Glenn"
23,Seven Samurai,1954,3h 27m,Not Rated,8.6,397K,"Farmers from a village exploited by bandits hire a veteran samurai for protection, and he gathers six other samurai to join him.",Akira Kurosawa,"Toshirô Mifune, Takashi Shimura, Keiko Tsushima"
24,Saving Private Ryan,1998,2h 49m,R,8.6,1.6M,"Following the Normandy Landings, a group of U.S. soldiers go behind enemy lines to retrieve a paratrooper whose comrades have been killed in action.",Steven Spielberg,"Tom Hanks, Matt Damon, Tom Sizemore"
25,The Green Mile,1999,3h 9m,R,8.6,1.5M,A death row guard learns that a gentle giant in his charge possesses a mysterious gift.,Frank Darabont,"Tom Hanks, Michael Clarke Duncan, David Morse"
26,City of God,2002,2h 10m,R,8.6,859K,"In the slums of Rio, two kids' paths diverge as one struggles to become a photographer and the other a kingpin.","Kátia Lund, Fernando Meirelles","Alexandre Rodrigues, Leandro Firmino, Matheus Nachtergaele"
27,Life Is Beautiful,1997,1h 56m,PG-13,8.6,800K,"When an open-minded Jewish waiter and his son become victims of the Holocaust, he uses a perfect mixture of will, humor and imagination to protect his son from the dangers around their camp.",Roberto Benigni,"Roberto Benigni, Nicoletta Braschi, Giorgio Cantarini"
28,Terminator 2: Judgment Day,1991,2h 17m,R,8.6,1.3M,"A cyborg from the future, identical to the one who failed to kill Sarah Connor, must now protect her ten-year-old son John from an even more advanced and powerful cyborg.",James Cameron,"Arnold Schwarzenegger, Linda Hamilton, Edward Furlong"
29,Star Wars: Episode IV - A New Hope,1977,2h 1m,PG,8.6,1.5M,"Luke Skywalker joins forces with a Jedi Knight, a cocky pilot, a Wookiee and two droids to save the galaxy from the Empire's world-destroying battle station, while also attempting to rescue Princess Leia from the mysterious Darth Vader.",George Lucas,"Mark Hamill, Harrison Ford, Carrie Fisher"
30,Back to the Future,1985,1h 56m,PG,8.5,1.4M,"Marty McFly, a 17-year-old high school student, is accidentally sent 30 years into the past in a time-traveling DeLorean invented by his close friend, the maverick scientist Doc Brown.",Robert Zemeckis,"Michael J. Fox, Christopher Lloyd, Lea Thompson"
31,Spirited Away,2001,2h 4m,PG,8.6,946K,"During her family's move to the suburbs, a sullen 10-year-old girl wanders into a world ruled by gods, witches and spirits, and where humans are changed into beasts.",Hayao Miyazaki,"Miyu Irino, Rumi Hiiragi, Mari Natsuki"
32,The Pianist,2002,2h 30m,R,8.5,996K,"During WWII, acclaimed Polish musician Wladyslaw faces various struggles as he loses contact with his family. As the situation worsens, he hides in the ruins of Warsaw in order to survive.",Roman Polanski,"Adrien Brody, Thomas Kretschmann, Frank Finlay"
33,Gladiator,2000,2h 35m,R,8.5,1.8M,A former Roman General sets out to exact vengeance against the corrupt emperor who murdered his family and sent him into slavery.,Ridley Scott,"Russell Crowe, Joaquin Phoenix, Connie Nielsen"
34,Parasite,2019,2h 12m,R,8.5,1.1M,Greed and class discrimination threaten the newly formed symbiotic relationship between the wealthy Park family and the destitute Kim clan.,Bong Joon Ho,"Song Kang-ho, Lee Sun-kyun, Cho Yeo-jeong"
35,Psycho,1960,1h 49m,R,8.5,775K,A secretary on the run for embezzlement takes refuge at a secluded California motel owned by a repressed man and his overbearing mother.,Alfred Hitchcock,"Anthony Perkins, Janet Leigh, Vera Miles"
36,Grave of the Fireflies,1988,1h 28m,Not Rated,8.5,372K,A young boy and his little sister struggle to survive in Japan during World War II.,Isao Takahata,"Tsutomu Tatsumi, Ayano Shiraishi, Akemi Yamaguchi"
37,The Lion King,1994,1h 28m,G,8.5,1.2M,"Lion prince Simba and his father are targeted by his bitter uncle, who wants to ascend the throne himself.","Roger Allers, Rob Minkoff","Matthew Broderick, Jeremy Irons, James Earl Jones"
38,Harakiri,1962,2h 13m,Not Rated,8.6,88K,"When a ronin requesting seppuku at a feudal lord's palace is told of the brutal suicide of another ronin who previously visited, he reveals how their pasts are intertwined - and in doing so challenges the clan's integrity.",Masaki Kobayashi,"Tatsuya Nakadai, Akira Ishihama, Shima Iwashita"
39,The Departed,2006,2h 31m,R,8.5,1.5M,An undercover cop and a mole in the police attempt to identify each other while infiltrating an Irish gang in South Boston.,Martin Scorsese,"Leonardo DiCaprio, Matt Damon, Jack Nicholson"
40,Whiplash,2014,1h 46m,R,8.5,1.1M,A promising young drummer enrolls at a cut-throat music conservatory where his dreams of greatness are mentored by an instructor who will stop at nothing to realize a student's potential.,Damien Chazelle,"Miles Teller, J.K. Simmons, Melissa Benoist"
41,The Prestige,2006,2h 10m,PG-13,8.5,1.6M,Rival 19th-century magicians engage in a bitter battle for trade secrets.,Christopher Nolan,"Christian Bale, Hugh Jackman, Scarlett Johansson"
42,American History X,1998,1h 59m,R,8.5,1.3M,A white supremacist is released from prison a changed man and hopes to prevent his younger brother from following in his footsteps.,Tony Kaye,"Edward Norton, Edward Furlong, Beverly D'Angelo"
43,Léon: The Professional,1994,1h 50m,R,8.5,1.3M,"When her family is murdered by a group of corrupt officers led by the tyrannical Norman Stansfield, a young 12-year-old girl enlists the help of an Italian-American hitman to seek revenge.",Luc Besson,"Jean Reno, Gary Oldman, Natalie Portman"
44,Spider-Man: Across the Spider-Verse,2023,2h 20m,PG,8.5,496K,"Traveling across the multiverse, Miles Morales meets a new team of Spider-People, made up of heroes from different dimensions. But when the heroes clash over how to deal with a new threat, Miles finds himself at a crossroads.","Joaquim Dos Santos, Kemp Powers, Justin K. Thompson","Shameik Moore, Hailee Steinfeld, Brian Tyree Henry"
45,Cinema Paradiso,1988,2h 54m,PG,8.5,313K,"Salvatore, a famous film director, returns to his hometown for the funeral of the local theater's film projectionist, Alfredo. He reminisces about his life as a young boy falling in love with cinema.",Giuseppe Tornatore,"Philippe Noiret, Enzo Cannavale, Antonella Attili"
46,Casablanca,1942,1h 42m,PG,8.5,648K,A cynical expatriate American cafe owner struggles to decide whether or not to help his former lover and her fugitive husband escape the Nazis in French Morocco.,Michael Curtiz,"Humphrey Bogart, Ingrid Bergman, Paul Henreid"
47,The Intouchables,2011,1h 52m,R,8.5,1M,"After he becomes a quadriplegic from a paragliding accident, an aristocrat hires a young man from the projects to be his caregiver.","Olivier Nakache, Éric Toledano","François Cluzet, Omar Sy, Anne Le Ny"
48,The Usual Suspects,1995,1h 46m,R,8.5,1.2M,The sole survivor of a pier shoot-out tells the story of how a notorious criminal influenced the events that began with five criminals meeting in a seemingly random police lineup.,Bryan Singer,"Kevin Spacey, Gabriel Byrne, Chazz Palminteri"
49,Alien,1979,1h 57m,R,8.5,1M,"After investigating a mysterious transmission of unknown origin, the crew of a commercial spacecraft encounters a deadly lifeform.",Ridley Scott,"Sigourney Weaver, Tom Skerritt, John Hurt"
50,Modern Times,1936,1h 27m,G,8.5,282K,The Tramp struggles to live in modern industrial society with the help of a young homeless woman.,Charles Chaplin,"Charles Chaplin, Paulette Goddard, Henry Bergman"
51,Rear Window,1954,1h 52m,PG,8.5,562K,A bored photographer recovering from a broken leg passes the time by watching his neighbors and begins to suspect one of them of murder.,Alfred Hitchcock,"James Stewart, Grace Kelly, Wendell Corey"
52,Django Unchained,2012,2h 45m,R,8.5,1.8M,"With the help of a German bounty-hunter, a freed slave sets out to rescue his wife from a brutal plantation owner in Mississippi.",Quentin Tarantino,"Jamie Foxx, Christoph Waltz, Leonardo DiCaprio"
53,Once Upon a Time in the West,1968,2h 46m,PG-13,8.5,380K,A mysterious stranger with a harmonica teams up with a notorious desperado to protect a beautiful widow and her land from a ruthless assassin in the employ of a railroad tycoon.,Sergio Leone,"Henry Fonda, Charles Bronson, Claudia Cardinale"
54,City Lights,1931,1h 27m,G,8.5,214K,"With the aid of a wealthy erratic tippler, a dewy-eyed tramp who has fallen in love with a sightless flower girl accumulates money to be able to help her medically.",Charles Chaplin,"Charles Chaplin, Virginia Cherrill, Florence Lee"
55,Apocalypse Now,1979,2h 27m,R,8.4,760K,A U.S. Army officer serving in Vietnam is tasked with assassinating a renegade Special Forces Colonel who sees himself as a god.,Francis Ford Coppola,"Martin Sheen, Marlon Brando, Robert Duvall"
56,WALL·E,2008,1h 38m,G,8.4,1.3M,"A robot who is responsible for cleaning a waste-covered Earth meets another robot and falls in love with her. Together, they set out on a journey that will alter the fate of mankind.",Andrew Stanton,"Ben Burtt, Elissa Knight, Jeff Garlin"
57,Memento,2000,1h 53m,R,8.4,1.4M,A former insurance investigator who now suffers from anterograde amnesia uses notes and tattoos to hunt down his wife's murderer.,Christopher Nolan,"Guy Pearce, Carrie-Anne Moss, Joe Pantoliano"
58,Dune: Part Two,2024,2h 46m,PG-13,8.4,693K,"Paul Atreides unites with the Fremen while on a warpath of revenge against the conspirators who destroyed his family. Facing a choice between the love of his life and the fate of the universe, he endeavors to prevent a terrible future.",Denis Villeneuve,"Timothée Chalamet, Zendaya, Rebecca Ferguson"
59,Raiders of the Lost Ark,1981,1h 55m,PG,8.4,1.1M,"In 1936, archaeologist Indiana Jones is tasked by Army Intelligence to help locate a legendary ancient power, the Ark of Covenant, before the Nazis get it first.",Steven Spielberg,"Harrison Ford, Karen Allen, Paul Freeman"
60,Avengers: Infinity War,2018,2h 29m,PG-13,8.4,1.3M,The Avengers and their allies must be willing to sacrifice all in an attempt to defeat the powerful Thanos before his blitz of devastation and ruin puts an end to the universe.,"Anthony Russo, Joe Russo","Robert Downey Jr., Chris Hemsworth, Mark Ruffalo"
61,The Lives of Others,2006,2h 17m,R,8.4,439K,"In 1984 East Berlin, an agent of the secret police conducting surveillance on a writer and his lover finds himself becoming increasingly absorbed by their lives.",Florian Henckel von Donnersmarck,"Ulrich Mühe, Martina Gedeck, Sebastian Koch"
62,Spider-Man: Into the Spider-Verse,2018,1h 57m,PG,8.4,765K,Teen Miles Morales becomes the Spider-Man of his universe and must join with five spider-powered individuals from other dimensions to stop a threat for all realities.,"Bob Persichetti, Peter Ramsey, Rodney Rothman","Shameik Moore, Jake Johnson, Hailee Steinfeld"
63,Sunset Boulevard,1950,1h 50m,Approved,8.4,258K,A screenwriter develops a dangerous relationship with a faded film star determined to make a triumphant return.,Billy Wilder,"William Holden, Gloria Swanson, Erich von Stroheim"
64,Witness for the Prosecution,1957,1h 56m,Approved,8.4,159K,A veteran British barrister must defend his client in a murder trial that has surprise after surprise.,Billy Wilder,"Tyrone Power, Marlene Dietrich, Charles Laughton"
65,Paths of Glory,1957,1h 28m,Approved,8.4,235K,A colonel defends three of his soldiers in a court-martial after they abandon a suicidal attack.,Stanley Kubrick,"Kirk Douglas, Ralph Meeker, Adolphe Menjou"
66,The Shining,1980,2h 26m,R,8.4,1.2M,"A family heads to an isolated hotel for the winter, where a sinister presence influences the father into violence. At the same time, his psychic son sees horrifying forebodings from both the past and the future.",Stanley Kubrick,"Jack Nicholson, Shelley Duvall, Danny Lloyd"
67,The Great Dictator,1940,2h 5m,G,8.4,257K,Dictator Adenoid Hynkel tries to expand his empire while a poor Jewish barber tries to avoid persecution from Hynkel's regime.,Charles Chaplin,"Charles Chaplin, Paulette Goddard, Jack Oakie"
68,Inglourious Basterds,2009,2h 33m,R,8.4,1.7M,"In Nazi-occupied France during World War II, a plan to assassinate Nazi leaders by a group of Jewish U.S. soldiers coincides with a theatre owner's vengeful plans for the same.",Quentin Tarantino,"Brad Pitt, Diane Kruger, Eli Roth"
69,12th Fail,2023,2h 27m,N/A,8.7,164K,The real-life story of IPS Officer Manoj Kumar Sharma and IRS Officer Shraddha Joshi.,Vidhu Vinod Chopra,"Vikrant Massey, Medha Shankr, Anant Joshi"
70,Aliens,1986,2h 17m,R,8.4,830K,"Decades after surviving the Nostromo incident, Ellen Ripley is sent out to re-establish contact with a terraforming colony but finds herself battling the Alien Queen and her offspring.",James Cameron,"Sigourney Weaver, Michael Biehn, Carrie Henn"
71,High and Low,1963,2h 23m,Not Rated,8.4,69K,An executive of a Yokohama shoe company becomes a victim of extortion when his chauffeur's son is kidnapped by mistake and held for ransom.,Akira Kurosawa,"Toshirô Mifune, Yutaka Sada, Tatsuya Nakadai"
72,The Dark Knight Rises,2012,2h 44m,PG-13,8.4,2M,"Bane, an imposing terrorist, attacks Gotham City and disrupts its eight-year-long period of peace. This forces Bruce Wayne to come out of hiding and don the cape and cowl of Batman again.",Christopher Nolan,"Christian Bale, Tom Hardy, Anne Hathaway"
73,Coco,2017,1h 45m,PG,8.4,685K,"Aspiring musician Miguel, confronted with his family's ancestral ban on music, enters the Land of the Dead to find his great-great-grandfather, a legendary singer.","Adrian Molina, Lee Unkrich","Anthony Gonzalez, Gael García Bernal, Benjamin Bratt"
74,Avengers: Endgame,2019,3h 1m,PG-13,8.4,1.4M,"After the devastating events of Avengers: Infinity War (2018), the universe is in ruins. With the help of remaining allies, the Avengers assemble once more in order to reverse Thanos' actions and restore balance to the universe.","Anthony Russo, Joe Russo","Robert Downey Jr., Chris Evans, Mark Ruffalo"
75,Amadeus,1984,2h 40m,PG,8.4,462K,"The life and work of Wolfgang Amadeus Mozart seen through the eyes of his contemporary and rival, Antonio Salieri.",Milos Forman,"F. Murray Abraham, Tom Hulce, Elizabeth Berridge"
76,Good Will Hunting,1997,2h 6m,R,8.3,1.2M,"A therapist counsels Will Hunting, a janitor with a genius IQ.",Gus Van Sant,"Robin Williams, Matt Damon, Ben Affleck"
77,Toy Story,1995,1h 21m,G,8.3,1.2M,"A cowboy doll is profoundly jealous when a new spaceman action figure supplants him as the top toy in a boy's bedroom. When circumstances separate them from their owner, the duo have to put aside their differences to return to him.",John Lasseter,"Tom Hanks, Tim Allen, Don Rickles"
78,Your Name.,2016,1h 46m,N/A,8.4,378K,"Two teenagers share a profound, magical connection upon discovering they are swapping bodies. Things manage to become even more complicated when the boy and girl decide to meet in person.",Makoto Shinkai,"Ryûnosuke Kamiki, Mone Kamishiraishi, Ryo Narita"
79,Das Boot,1981,2h 29m,N/A,8.4,285K,A German U-boat stalks the frigid waters of the North Atlantic as its young crew experience the sheer terror and claustrophobic life of a submariner in World War II.,Wolfgang Petersen,"Jürgen Prochnow, Herbert Grönemeyer, Klaus Wennemann"
80,Oldboy,2003,2h,R,8.3,702K,"After being kidnapped and imprisoned for fifteen years, Oh Dae-Su is released, only to find that he must track down his captor in five days.",Park Chan-wook,"Choi Min-sik, Yoo Ji-tae, Kang Hye-jeong"
81,Dr. Strangelove or: How I Learned to Stop Worrying and Love the Bomb,1964,1h 35m,PG,8.3,547K,"A mentally unstable American general orders a hydrogen bomb attack on the Soviet Union, triggering a path to global nuclear holocaust that a war room full of politicians and generals frantically tries to stop.",Stanley Kubrick,"Peter Sellers, George C. Scott, Sterling Hayden"
82,Braveheart,1995,2h 58m,R,8.3,1.1M,Scottish warrior William Wallace leads his countrymen in a rebellion to free his homeland from the tyranny of King Edward I of England.,Mel Gibson,"Mel Gibson, Sophie Marceau, Patrick McGoohan"
83,Princess Mononoke,1997,2h 13m,PG-13,8.3,474K,"While seeking to cure himself of a curse, young warrior Ashitaka stumbles into a conflict between the people of Iron Town and Princess Mononoke, a girl raised by wolves, who will stop at nothing to prevent the destruction of her home.",Hayao Miyazaki,"Yôji Matsuda, Yuriko Ishida, Yûko Tanaka"
84,American Beauty,1999,2h 2m,R,8.3,1.3M,A sexually frustrated suburban father has a mid-life crisis after becoming infatuated with his daughter's best friend.,Sam Mendes,"Kevin Spacey, Annette Bening, Thora Birch"
85,3 Idiots,2009,2h 50m,PG-13,8.4,473K,"Two friends are searching for their long lost companion. They revisit their college days and recall the memories of their friend who inspired them to think differently, even as the rest of the world called them ""idiots"".",Rajkumar Hirani,"Aamir Khan, Madhavan, Mona Singh"
86,Capernaum,2018,2h 6m,R,8.4,121K,"While serving a five-year sentence for a violent crime, a 12-year-old boy sues his parents for neglect.",Nadine Labaki,"Zain Al Rafeea, Yordanos Shiferaw, Boluwatife Treasure Bankole"
87,Joker,2019,2h 2m,R,8.3,1.7M,"Arthur Fleck, a party clown and a failed stand-up comedian, leads an impoverished life with his ailing mother. However, when society shuns him and brands him as a freak, he decides to embrace the life of chaos in Gotham City.",Todd Phillips,"Joaquin Phoenix, Robert De Niro, Zazie Beetz"
88,Singin' in the Rain,1952,1h 43m,G,8.3,279K,A silent film star falls for a chorus girl just as he and his delusionally jealous screen partner are trying to make the difficult transition to talking pictures in 1920s Hollywood.,"Stanley Donen, Gene Kelly","Gene Kelly, Donald O'Connor, Debbie Reynolds"
89,Once Upon a Time in America,1984,3h 49m,R,8.3,403K,"A former Prohibition-era Jewish gangster returns to the Lower East Side of Manhattan 35 years later, where he must once again confront the ghosts and regrets of his old life.",Sergio Leone,"Robert De Niro, James Woods, Elizabeth McGovern"
90,Come and See,1985,2h 22m,Not Rated,8.3,119K,"After finding an old rifle, a young boy joins the Soviet resistance movement against ruthless German forces and experiences the horrors of World War II.",Elem Klimov,"Aleksey Kravchenko, Olga Mironova, Liubomiras Laucevicius"
91,Requiem for a Dream,2000,1h 42m,NC-17,8.3,960K,The drug-induced utopias of four Coney Island people are shattered when their addictions run deep.,Darren Aronofsky,"Ellen Burstyn, Jared Leto, Jennifer Connelly"
92,Star Wars: Episode VI - Return of the Jedi,1983,2h 11m,PG,8.3,1.2M,"After rescuing Han Solo from Jabba the Hutt, the Rebel Alliance attempts to destroy the second Death Star while Luke struggles to help Darth Vader back from the dark side.",Richard Marquand,"Mark Hamill, Harrison Ford, Carrie Fisher"
93,Toy Story 3,2010,1h 43m,G,8.3,954K,"The toys are mistakenly delivered to a day-care center instead of the attic right before Andy leaves for college, and it's up to Woody to convince the other toys that they weren't abandoned and to return home.",Lee Unkrich,"Tom Hanks, Tim Allen, Joan Cusack"
94,The Hunt,2012,1h 55m,R,8.3,401K,"A teacher lives a lonely life, all the while struggling over his son's custody. His life slowly gets better as he finds love and receives good news from his son, but his new luck is about to be brutally shattered by an innocent little lie.",Thomas Vinterberg,"Mads Mikkelsen, Thomas Bo Larsen, Annika Wedderkopp"
95,Ikiru,1952,2h 23m,Not Rated,8.3,100K,A bureaucrat tries to find meaning in his life after he discovers he has terminal cancer.,Akira Kurosawa,"Takashi Shimura, Nobuo Kaneko, Shin'ichi Himori"
96,Eternal Sunshine of the Spotless Mind,2004,1h 48m,R,8.3,1.2M,"When their relationship turns sour, a couple undergoes a medical procedure to have each other erased from their memories forever.",Michel Gondry,"Jim Carrey, Kate Winslet, Tom Wilkinson"
97,Incendies,2010,2h 11m,R,8.3,242K,Twins journey to the Middle East to discover their family history and fulfill their mother's last wishes.,Denis Villeneuve,"Lubna Azabal, Mélissa Désormeaux-Poulin, Maxim Gaudette"
98,The Apartment,1960,2h 5m,Approved,8.3,215K,"A Manhattan insurance clerk tries to rise in his company by letting its executives use his apartment for trysts, but office politics and his own romantic hopes complicate matters.",Billy Wilder,"Jack Lemmon, Shirley MacLaine, Fred MacMurray"
99,Lawrence of Arabia,1962,3h 47m,Approved,8.3,337K,"The story of T.E. Lawrence, the English officer who successfully united and led the diverse, often warring, Arab tribes during World War I in order to fight the Turks.",David Lean,"Peter O'Toole, Alec Guinness, Anthony Quinn"
100,2001: A Space Odyssey,1968,2h 29m,G,8.3,771K,"When a mysterious artifact is uncovered on the Moon, a spacecraft manned by two humans and one supercomputer is sent to Jupiter to find its origins.",Stanley Kubrick,"Keir Dullea, Gary Lockwood, William Sylvester"
101,Reservoir Dogs,1992,1h 39m,R,8.3,1.2M,"When a simple jewelry heist goes horribly wrong, the surviving criminals begin to suspect that one of them is a police informant.",Quentin Tarantino,"Harvey Keitel, Tim Roth, Michael Madsen"
102,Scarface,1983,2h 50m,R,8.3,996K,"In the 1980s, a determined criminal-minded Cuban immigrant becomes the biggest drug smuggler in Miami, and is eventually undone by his own drug addiction.",Brian De Palma,"Al Pacino, Michelle Pfeiffer, Steven Bauer"
103,Heat,1995,2h 50m,R,8.3,784K,A group of high-end professional thieves start to feel the heat from the LAPD when they unknowingly leave a verbal clue at their latest heist.,Michael Mann,"Al Pacino, Robert De Niro, Val Kilmer"
104,Double Indemnity,1944,1h 47m,Approved,8.3,179K,"An insurance representative is seduced by a dissatisfied housewife into a scheme of insurance fraud and murder that arouses the suspicion of his colleague, a claims investigator.",Billy Wilder,"Fred MacMurray, Barbara Stanwyck, Edward G. Robinson"
105,Up,2009,1h 36m,PG,8.3,1.2M,"78-year-old Carl Fredricksen travels to South America in his house equipped with balloons, inadvertently taking a young stowaway.","Pete Docter, Bob Peterson","Edward Asner, Jordan Nagai, John Ratzenberger"
106,North by Northwest,1959,2h 16m,Approved,8.3,366K,"A New York City advertising executive goes on the run after being mistaken for a government agent by a group of foreign spies, and falls for a woman whose loyalties he begins to doubt.",Alfred Hitchcock,"Cary Grant, Eva Marie Saint, James Mason"
107,M,1931,1h 39m,Passed,8.3,181K,"When the police in a German city are unable to catch a child-murderer, other criminals join in the manhunt.",Fritz Lang,"Peter Lorre, Ellen Widmann, Inge Landgut"
108,Full Metal Jacket,1987,1h 56m,R,8.2,840K,A pragmatic U.S. Marine observes the dehumanizing effects the Vietnam War has on his fellow recruits from their brutal boot camp training to the bloody street fighting in Hue.,Stanley Kubrick,"Matthew Modine, R. Lee Ermey, Vincent D'Onofrio"
109,Like Stars on Earth,2007,2h 42m,PG,8.3,228K,A young boy is thought to be nothing but a lazy troublemaker until the new art teacher has the patience and compassion to discover the real problem behind his struggles in school.,Aamir Khan,"Darsheel Safary, Aamir Khan, Tisca Chopra"
110,Citizen Kane,1941,1h 59m,PG,8.2,489K,"Following the death of publishing tycoon Charles Foster Kane, reporters scramble to uncover the meaning of his final utterance: 'Rosebud.'",Orson Welles,"Orson Welles, Joseph Cotten, Dorothy Comingore"
111,Amélie,2001,2h 2m,R,8.3,831K,"Despite being caught in her imaginative world, young waitress Amelie decides to help people find happiness. Her quest to spread joy leads her on a journey during which she finds true love.",Jean-Pierre Jeunet,"Audrey Tautou, Mathieu Kassovitz, Rufus"
112,Vertigo,1958,2h 8m,PG,8.2,454K,"A former San Francisco police detective juggles wrestling with his personal demons and becoming obsessed with the hauntingly beautiful woman he has been hired to trail, who may be deeply disturbed.",Alfred Hitchcock,"James Stewart, Kim Novak, Barbara Bel Geddes"
113,A Separation,2011,2h 3m,PG-13,8.3,275K,A married couple are faced with a difficult decision - to improve the life of their child by moving to another country or to stay in Iran and look after a deteriorating parent who has Alzheimer's disease.,Asghar Farhadi,"Payman Maadi, Leila Hatami, Sareh Bayat"
114,Die Hard,1988,2h 12m,R,8.2,1M,"A New York City cop, John McClane, tries to save his estranged wife and several others taken hostage by terrorists during a Christmas Eve party at the Nakatomi Plaza Skyscraper in Los Angeles, California.",John McTiernan,"Bruce Willis, Alan Rickman, Bonnie Bedelia"
115,To Kill a Mockingbird,1962,2h 9m,Approved,8.3,348K,A widowed lawyer in Depression-era Alabama defends a black man against a false rape charge while teaching his young children about the sad reality of prejudice.,Robert Mulligan,"Gregory Peck, John Megna, Frank Overton"
116,The Sting,1973,2h 9m,PG,8.2,297K,Two grifters team up to pull off the ultimate con.,George Roy Hill,"Paul Newman, Robert Redford, Robert Shaw"
117,Indiana Jones and the Last Crusade,1989,2h 7m,PG-13,8.2,854K,"In 1938, after his father goes missing while pursuing the Holy Grail, Indiana Jones finds himself up against the Nazis again to stop them from obtaining its powers.",Steven Spielberg,"Harrison Ford, Sean Connery, Alison Doody"
118,A Clockwork Orange,1971,2h 16m,R,8.2,927K,Alex DeLarge and his droogs barbarize a decaying near-future.,Stanley Kubrick,"Malcolm McDowell, Patrick Magee, Michael Bates"
119,Metropolis,1927,2h 33m,Not Rated,8.2,199K,"In a futuristic city sharply divided between the working class and the city planners, the son of the city's mastermind falls in love with a working-class prophet who predicts the coming of a savior to mediate their differences.",Fritz Lang,"Brigitte Helm, Alfred Abel, Gustav Fröhlich"
120,Snatch,2000,1h 42m,R,8.2,964K,"Unscrupulous boxing promoters, violent bookmakers, a Russian gangster, incompetent amateur robbers and supposedly Jewish jewelers fight to track down a priceless stolen diamond.",Guy Ritchie,"Jason Statham, Brad Pitt, Stephen Graham"
121,1917,2019,1h 59m,R,8.2,753K,"April 6th, 1917. As an infantry battalion assembles to wage war deep in enemy territory, two soldiers are assigned to race against time and deliver a message that will stop 1,600 men from walking straight into a deadly trap.",Sam Mendes,"Dean-Charles Chapman, George MacKay, Daniel Mays"
122,L.A. Confidential,1997,2h 18m,R,8.2,652K,"As corruption grows in 1950s Los Angeles, three policemen - one strait-laced, one brutal, and one sleazy - investigate a series of murders with their own brand of justice.",Curtis Hanson,"Kevin Spacey, Russell Crowe, Guy Pearce"
123,Downfall,2004,2h 36m,R,8.2,396K,"Traudl Junge, the final secretary for Adolf Hitler, tells of the Nazi dictator's final days in his Berlin bunker at the end of WWII.",Oliver Hirschbiegel,"Bruno Ganz, Alexandra Maria Lara, Ulrich Matthes"
124,Oppenheimer,2023,3h,R,8.2,971K,"A dramatization of the life story of J. Robert Oppenheimer, the physicist who had a large hand in the development of the atomic bombs that brought an end to World War II.",Christopher Nolan,"Cillian Murphy, Emily Blunt, Matt Damon"
125,Bicycle Thieves,1948,1h 29m,Not Rated,8.2,190K,"In post-war Italy, a working-class man's bicycle is stolen, endangering his efforts to find work. He and his son set out to find it.",Vittorio De Sica,"Lamberto Maggiorani, Enzo Staiola, Lianella Carell"
126,Dangal,2016,2h 41m,Not Rated,8.3,237K,"Mahavir Singh Phogat, a former wrestler, decides to fulfill his dream of winning a gold medal for his country by training his daughters for the Commonwealth Games despite the existing social stigmas.",Nitesh Tiwari,"Aamir Khan, Sakshi Tanwar, Fatima Sana Shaikh"
127,The Wolf of Wall Street,2013,3h,R,8.2,1.7M,"Based on the true story of Jordan Belfort, from his rise to a wealthy stock-broker living the high life to his fall involving crime, corruption and the federal government.",Martin Scorsese,"Leonardo DiCaprio, Jonah Hill, Margot Robbie"
128,The Truman Show,1998,1h 43m,PG,8.2,1.3M,An insurance salesman begins to suspect that his whole life is actually some sort of reality TV show.,Peter Weir,"Jim Carrey, Ed Harris, Laura Linney"
129,Green Book,2018,2h 10m,PG-13,8.2,665K,A working-class Italian-American bouncer becomes the driver for an African-American classical pianist on a tour of venues through the 1960s American South.,Peter Farrelly,"Viggo Mortensen, Mahershala Ali, Linda Cardellini"
130,Hamilton,2020,2h 40m,PG-13,8.3,135K,"The real life of one of America's foremost founding fathers and first Secretary of the Treasury, Alexander Hamilton. Captured live on Broadway from the Richard Rodgers Theater with the original Broadway cast.",Thomas Kail,"Lin-Manuel Miranda, Phillipa Soo, Leslie Odom Jr."
131,Batman Begins,2005,2h 20m,PG-13,8.2,1.7M,"After witnessing his parents' death, billionaire Bruce Wayne learns the art of fighting to confront injustice. When he returns to Gotham as Batman, he must stop a secret society that intends to destroy the city.",Christopher Nolan,"Christian Bale, Michael Caine, Ken Watanabe"
132,Judgment at Nuremberg,1961,2h 59m,Approved,8.3,95K,"Fictionalized depiction of the 1947 Judges' Trial, the third of 12 trials of Nazi war criminals conducted by the American occupying forces in Nuremberg, Germany, in which former judges of Nazi Germany were tried for their actions.",Stanley Kramer,"Spencer Tracy, Burt Lancaster, Richard Widmark"
133,Shutter Island,2010,2h 18m,R,8.2,1.6M,Two US marshals are sent to a mental institution on an inhospitable island in order to investigate the disappearance of a patient.,Martin Scorsese,"Leonardo DiCaprio, Emily Mortimer, Mark Ruffalo"
134,Taxi Driver,1976,1h 54m,R,8.2,1M,"A mentally unstable veteran works as a nighttime taxi driver in New York City, where the perceived decadence and sleaze fuels his urge for violent action.",Martin Scorsese,"Robert De Niro, Jodie Foster, Cybill Shepherd"
135,For a Few Dollars More,1965,2h 12m,R,8.2,296K,Two bounty killers with similar intentions but different motivations team up to take down a psychotic Mexican outlaw before he and his gang can carry out an audacious bank robbery.,Sergio Leone,"Clint Eastwood, Lee Van Cleef, Gian Maria Volontè"
136,Some Like It Hot,1959,2h 1m,Approved,8.2,301K,"After two male musicians witness a mob hit, they flee the state in an all-female band disguised as women, but further complications set in.",Billy Wilder,"Marilyn Monroe, Tony Curtis, Jack Lemmon"
137,Jurassic Park,1993,2h 7m,PG-13,8.2,1.2M,"An industrialist invites some experts to visit his theme park of cloned dinosaurs. After a power failure, the creatures run loose, putting everyone's lives, including his grandchildren's, in danger.",Steven Spielberg,"Sam Neill, Laura Dern, Jeff Goldblum"
138,There Will Be Blood,2007,2h 38m,R,8.2,694K,"A story of family, religion, hatred, oil and madness, focusing on a turn-of-the-century prospector in the early days of the business.",Paul Thomas Anderson,"Daniel Day-Lewis, Paul Dano, Ciarán Hinds"
139,The Kid,1921,1h 8m,Passed,8.2,144K,"The Tramp cares for an abandoned child, but events put their relationship in jeopardy.",Charles Chaplin,"Charles Chaplin, Edna Purviance, Jackie Coogan"
140,The Father,2020,1h 37m,PG-13,8.2,229K,"A man refuses all assistance from his daughter as he ages. When he tries to understand what is happening around him, he begins to doubt his loved ones, his own mind and even the fabric of his reality.",Florian Zeller,"Anthony Hopkins, Olivia Colman, Mark Gatiss"
141,All About Eve,1950,2h 18m,Approved,8.2,148K,A seemingly timid but secretly ruthless ingénue insinuates herself into the lives of an aging Broadway star and her circle of theater friends.,Joseph L. Mankiewicz,"Bette Davis, Anne Baxter, George Sanders"
142,The Sixth Sense,1999,1h 47m,PG-13,8.2,1.1M,"After being shot by a resentful former patient whom he failed to help, a Philadelphia child psychologist seeks redemption by treating a young boy with a disturbing secret.",M. Night Shyamalan,"Bruce Willis, Haley Joel Osment, Toni Collette"
143,Ran,1985,2h 40m,R,8.2,149K,"In Medieval Japan, an elderly warlord retires, handing over his empire to his three sons. However, he vastly underestimates how the new-found power will corrupt them and cause them to turn on each other...and him.",Akira Kurosawa,"Tatsuya Nakadai, Akira Terao, Jinpachi Nezu"
144,Casino,1995,2h 58m,R,8.2,609K,"In Las Vegas, two best friends--a casino executive and a Mafia enforcer--compete for a gambling empire and a fast-living, fast-loving socialite.",Martin Scorsese,"Robert De Niro, Sharon Stone, Joe Pesci"
145,No Country for Old Men,2007,2h 2m,R,8.2,1.2M,Violence and mayhem ensue after a hunter stumbles upon the aftermath of a drug deal gone wrong and over two million dollars in cash near the Rio Grande.,"Ethan Coen, Joel Coen","Tommy Lee Jones, Javier Bardem, Josh Brolin"
146,The Thing,1982,1h 49m,R,8.2,516K,A research team in Antarctica is hunted by a shape-shifting alien that assumes the appearance of its victims.,John Carpenter,"Kurt Russell, Wilford Brimley, Keith David"
147,Top Gun: Maverick,2022,2h 10m,PG-13,8.2,824K,"The story involves Maverick confronting his past while training a group of younger Top Gun graduates, including the son of his deceased best friend, for a dangerous mission.",Joseph Kosinski,"Tom Cruise, Jennifer Connelly, Miles Teller"
148,The Chaos Class Failed the Class,1975,1h 35m,N/A,8.5,29K,The Chaos Class are up to their usual tricks and have a new teacher to try them out on.,Ertem Egilmez,"Münir Özkul, Tarik Akan, Kemal Sunal"
149,Pan's Labyrinth,2006,1h 58m,R,8.2,739K,"In 1944 Spain, a girl is sent to live with her ruthless stepfather. During the night, she meets a fairy who takes her to an old faun. He tells her she's a princess, but must prove her royalty by surviving three gruesome tasks.",Guillermo del Toro,"Ivana Baquero, Ariadna Gil, Sergi López"
150,Prisoners,2013,2h 33m,R,8.2,908K,A desperate father takes the law into his own hands after police fail to find two kidnapped girls.,Denis Villeneuve,"Hugh Jackman, Jake Gyllenhaal, Viola Davis"
151,Unforgiven,1992,2h 10m,R,8.2,463K,"Retired Old West gunslinger Will Munny reluctantly takes on one last job to avenge an injustice with the help of his old partner and a young would-be gunman calling himself ""The Schofield Kid"".",Clint Eastwood,"Clint Eastwood, Gene Hackman, Morgan Freeman"
152,Kill Bill: Vol. 1,2003,1h 51m,R,8.2,1.3M,"After waking from a four-year coma, a former assassin wreaks vengeance on the team of assassins who betrayed her.",Quentin Tarantino,"Uma Thurman, David Carradine, Daryl Hannah"
153,A Beautiful Mind,2001,2h 15m,PG-13,8.2,1M,"A mathematical genius, John Nash made an astonishing discovery early in his career and stood on the brink of international acclaim. But the handsome and arrogant Nash soon found himself on a harrowing journey of self-discovery.",Ron Howard,"Russell Crowe, Ed Harris, Jennifer Connelly"
154,The Treasure of the Sierra Madre,1948,2h 6m,Approved,8.2,140K,Two down-on-their-luck Americans searching for work in 1920s Mexico convince an old prospector to help them mine for gold in the Sierra Madre Mountains.,John Huston,"Humphrey Bogart, Walter Huston, Tim Holt"
155,Howl's Moving Castle,2004,1h 59m,PG,8.2,501K,"When an unconfident young woman is cursed with an old body by a spiteful witch, her only chance of breaking the spell lies with a self-indulgent yet insecure young wizard and his companions in his legged, walking castle.",Hayao Miyazaki,"Chieko Baishô, Takuya Kimura, Tatsuya Gashûin"
156,Finding Nemo,2003,1h 40m,G,8.2,1.2M,"After his son is captured in the Great Barrier Reef and taken to Sydney, a timid clownfish sets out on a journey to bring him home.","Andrew Stanton, Lee Unkrich","Albert Brooks, Ellen DeGeneres, Alexander Gould"
157,Yojimbo,1961,1h 50m,Not Rated,8.2,141K,A crafty ronin comes to a town divided by two criminal gangs and decides to play them against each other to free the town.,Akira Kurosawa,"Toshirô Mifune, Eijirô Tôno, Tatsuya Nakadai"
158,The Great Escape,1963,2h 52m,Approved,8.2,274K,Allied officers in a German prisoner of war camp during World War II make a daring plan for a mass escape by hundreds of POWs hoping to draw German personnel and resources away from combat operations.,John Sturges,"Steve McQueen, James Garner, Richard Attenborough"
159,The Best of Youth,2003,6h 14m,R,8.4,27K,An Italian epic that follows the lives of two brothers from the 1960s to the 2000s.,Marco Tullio Giordana,"Luigi Lo Cascio, Alessio Boni, Jasmine Trinca"
160,Monty Python and the Holy Grail,1975,1h 31m,PG,8.2,597K,"King Arthur and his Knights of the Round Table embark on a surreal, low-budget search for the Holy Grail, encountering many, very silly obstacles.","Terry Gilliam, Terry Jones","Graham Chapman, John Cleese, Eric Idle"
161,The Elephant Man,1980,2h 4m,PG,8.2,279K,"A Victorian surgeon rescues a heavily-disfigured and mistreated young man working as a sideshow freak, who gradually reveals his capacity for kindness, intelligence and sophistication.",David Lynch,"Anthony Hopkins, John Hurt, Anne Bancroft"
162,Klaus,2019,1h 36m,PG,8.2,225K,"A simple act of kindness always sparks another, even in a frozen, faraway place. When Smeerensburg's new postman, Jesper, befriends toymaker Klaus, their gifts melt an age-old feud and deliver a sleigh full of holiday traditions.","Carlos Martínez López, Sergio Pablos","Jason Schwartzman, J.K. Simmons, Rashida Jones"
163,Dial M for Murder,1954,1h 45m,PG,8.2,202K,"A London playboy plots the perfect murder of his rich, unfaithful wife.",Alfred Hitchcock,"Ray Milland, Grace Kelly, Robert Cummings"
164,Gone with the Wind,1939,3h 58m,G,8.2,353K,A sheltered and manipulative Southern belle and a roguish profiteer face off in a turbulent romance as the society around them crumbles with the end of slavery and is rebuilt during the Civil War and Reconstruction periods.,Victor Fleming,"Clark Gable, Vivien Leigh, Thomas Mitchell"
165,The Secret in Their Eyes,2009,2h 9m,R,8.2,239K,"A retired legal counselor writes a novel hoping to find closure for one of his past unresolved homicide cases, and for his unreciprocated love with his superior--both of which still haunt him decades later.",Juan José Campanella,"Ricardo Darín, Soledad Villamil, Pablo Rago"
166,Chinatown,1974,2h 10m,R,8.1,373K,"A private detective hired to expose an adulterer in 1930s Los Angeles finds himself caught up in a web of deceit, corruption, and murder.",Roman Polanski,"Jack Nicholson, Faye Dunaway, John Huston"
167,"Lock, Stock and Two Smoking Barrels",1998,1h 47m,R,8.1,644K,"When four small-time criminals lose a rigged poker game against a London kingpin, he gives them one week to settle their enormous debt.",Guy Ritchie,"Jason Flemyng, Dexter Fletcher, Nick Moran"
168,Demon Slayer: Kimetsu no Yaiba Infinity Castle,2025,2h 35m,R,8.5,55K,"The Demon Slayer Corps are drawn into the Infinity Castle, where Tanjiro and the Hashira face terrifying Upper Rank demons in a desperate fight as the final battle against Muzan Kibutsuji begins.","Hikaru Kondô, Haruo Sotozaki","Zach Aguilar, Saeko Akiho, Yôhei Azakami"
169,V for Vendetta,2005,2h 12m,R,8.1,1.2M,"In a future British dystopian society, a shadowy freedom fighter, known only by the alias of ""V"", plots to overthrow the tyrannical government - with the help of a young woman.",James McTeigue,"Hugo Weaving, Natalie Portman, Rupert Graves"
170,Inside Out,2015,1h 35m,PG,8.1,894K,"After young Riley is uprooted from her Midwest life and moved to San Francisco, her emotions, Joy, Fear, Anger, Disgust, and Sadness, conflict on how best to navigate a new city, house, and school.","Ronnie Del Carmen, Pete Docter","Amy Poehler, Bill Hader, Lewis Black"
171,Rashomon,1950,1h 28m,Not Rated,8.1,194K,"The rape of a bride and the murder of her samurai husband are recalled from the perspectives of a bandit, the bride, the samurai's ghost and a woodcutter.",Akira Kurosawa,"Toshirô Mifune, Machiko Kyô, Masayuki Mori"
172,Catch Me If You Can,2002,2h 21m,PG-13,8.1,1.2M,"Barely 17 yet, Frank is a skilled forger who has passed as a doctor, lawyer and pilot. FBI agent Carl becomes obsessed with tracking down the con man, who only revels in the pursuit.",Steven Spielberg,"Leonardo DiCaprio, Tom Hanks, Christopher Walken"
173,"Three Billboards Outside Ebbing, Missouri",2017,1h 55m,R,8.1,597K,A mother personally challenges the local authorities to solve her daughter's murder when they fail to catch the culprit.,Martin McDonagh,"Frances McDormand, Woody Harrelson, Sam Rockwell"
174,Trainspotting,1996,1h 33m,R,8.1,761K,"Renton, deeply immersed in the Edinburgh drug scene, tries to clean up and get out despite the allure of drugs and the influence of friends.",Danny Boyle,"Ewan McGregor, Ewen Bremner, Jonny Lee Miller"
175,The Bridge on the River Kwai,1957,2h 41m,PG,8.1,246K,"British POWs are forced to build a railway bridge across the river Kwai for their Japanese captors in occupied Burma, not knowing that the allied forces are planning a daring commando raid through the jungle to destroy it.",David Lean,"William Holden, Alec Guinness, Jack Hawkins"
176,Harry Potter and the Deathly Hallows: Part 2,2011,2h 10m,PG-13,8.1,1M,"Harry, Ron and Hermione set out on a quest to eliminate the remaining horcruxes. On the other hand, the students and teachers must unite to defend Hogwarts against Lord Voldemort and his army.",David Yates,"Daniel Radcliffe, Emma Watson, Rupert Grint"
177,Fargo,1996,1h 38m,R,8.1,772K,Minnesota car salesman Jerry Lundegaard's inept crime falls apart due to his and his henchmen's bungling and the persistent police work of the quite pregnant Marge Gunderson.,"Joel Coen, Ethan Coen","William H. Macy, Frances McDormand, Steve Buscemi"
178,Raging Bull,1980,2h 9m,R,8.1,404K,"The life of boxer Jake LaMotta, whose violence and temper that led him to the top in the ring destroyed his life outside of it.",Martin Scorsese,"Robert De Niro, Cathy Moriarty, Joe Pesci"
179,Dead Poets Society,1989,2h 8m,PG,8.1,626K,"Maverick teacher John Keating returns in 1959 to the prestigious New England boys' boarding school where he was once a star student, using poetry to embolden his pupils to new heights of self-expression.",Peter Weir,"Robin Williams, Robert Sean Leonard, Ethan Hawke"
180,Warrior,2011,2h 20m,PG-13,8.1,523K,"The youngest son of an alcoholic former boxer returns home, where he's trained by his father for competition in a mixed martial arts tournament - a path that puts the fighter on a collision course with his estranged, older brother.",Gavin O'Connor,"Tom Hardy, Nick Nolte, Joel Edgerton"
181,The Wild Robot,2024,1h 42m,PG,8.2,207K,"After a shipwreck, an intelligent robot called Roz is stranded on an uninhabited island. To survive the harsh environment, Roz bonds with the island's animals and cares for an orphaned baby goose.",Chris Sanders,"Lupita Nyong'o, Pedro Pascal, Kit Connor"
182,Barry Lyndon,1975,3h 5m,PG,8.1,200K,An Irish rogue wins the heart of a rich widow and assumes her dead husband's aristocratic position in 18th-century England.,Stanley Kubrick,"Ryan O'Neal, Marisa Berenson, Patrick Magee"
183,Ben-Hur,1959,3h 32m,G,8.1,268K,"A Jewish prince is betrayed and sent into slavery by a Roman friend in 1st-century Jerusalem, but it's not long before he regains his freedom and comes back for revenge.",William Wyler,"Charlton Heston, Jack Hawkins, Stephen Boyd"
184,Million Dollar Baby,2004,2h 12m,PG-13,8.1,758K,"Frankie, an ill-tempered old coach, reluctantly agrees to train aspiring boxer Maggie. Impressed with her determination and talent, he helps her become the best and the two soon form a close bond.",Clint Eastwood,"Hilary Swank, Clint Eastwood, Morgan Freeman"
185,Mad Max: Fury Road,2015,2h,R,8.1,1.2M,"In a post-apocalyptic wasteland, a woman rebels against a tyrannical ruler in search for her homeland with the aid of a group of female prisoners, a psychotic worshipper and a drifter named Max.",George Miller,"Tom Hardy, Charlize Theron, Nicholas Hoult"
186,Gran Torino,2008,1h 56m,R,8.1,853K,"After a Hmong teenager tries to steal his prized 1972 Gran Torino, a disgruntled, prejudiced Korean War veteran seeks to redeem both the boy and himself.",Clint Eastwood,"Clint Eastwood, Bee Vang, Christopher Carley"
187,My Neighbor Totoro,1988,1h 26m,G,8.1,422K,"When two girls move to the country to be near their ailing mother, they have adventures with the wondrous forest spirits who live nearby.",Hayao Miyazaki,"Hitoshi Takagi, Noriko Hidaka, Chika Sakamoto"
188,Children of Heaven,1997,1h 29m,PG,8.2,88K,"After a boy loses his sister's pair of shoes, he goes on a series of adventures in order to find them. When he can't, he tries a new way to ""win"" a new pair.",Majid Majidi,"Reza Naji, Amir Farrokh Hashemian, Bahare Seddiqi"
189,Hacksaw Ridge,2016,2h 19m,R,8.1,663K,"World War II American Army Medic Desmond T. Doss, serving during the Battle of Okinawa, refuses to kill people and becomes the first man in American history to receive the Medal of Honor without firing a shot.",Mel Gibson,"Andrew Garfield, Sam Worthington, Luke Bracey"
190,The Grand Budapest Hotel,2014,1h 39m,R,8.1,950K,"A writer encounters the owner of an aging high-class hotel, who tells him of his early years serving as a lobby boy in the hotel's glorious years under an exceptional concierge.",Wes Anderson,"Ralph Fiennes, F. Murray Abraham, Mathieu Amalric"
191,12 Years a Slave,2013,2h 14m,R,8.1,777K,"In the antebellum United States, Solomon Northup, a free black man from upstate New York, is abducted and sold into slavery.",Steve McQueen,"Chiwetel Ejiofor, Michael Kenneth Williams, Michael Fassbender"
192,Before Sunrise,1995,1h 41m,R,8.1,370K,"A young man and woman meet on a train in Europe, and wind up spending one evening together in Vienna. Unfortunately, both know that this will probably be their only night together.",Richard Linklater,"Ethan Hawke, Julie Delpy, Andrea Eckert"
193,Blade Runner,1982,1h 57m,R,8.1,871K,A blade runner must pursue and terminate four replicants who stole a ship in space and have returned to Earth to find their creator.,Ridley Scott,"Harrison Ford, Rutger Hauer, Sean Young"
194,Ratatouille,2007,1h 51m,G,8.1,919K,A rat who can cook makes an unusual alliance with a young kitchen worker at a famous Paris restaurant.,"Brad Bird, Jan Pinkava","Brad Garrett, Lou Romano, Patton Oswalt"
195,Memories of Murder,2003,2h 12m,Not Rated,8.1,257K,"In a small Korean province in 1986, two detectives struggle with the case of multiple young women being found raped and murdered by an unknown culprit.",Bong Joon Ho,"Song Kang-ho, Kim Sang-kyung, Kim Roe-ha"
196,Spider-Man: No Way Home,2021,2h 28m,PG-13,8.2,991K,"With Spider-Man's identity now revealed, Peter asks Doctor Strange for help. When a spell goes wrong, dangerous foes from other worlds start to appear.",Jon Watts,"Tom Holland, Zendaya, Benedict Cumberbatch"
197,How to Train Your Dragon,2010,1h 38m,PG,8.1,875K,"A hapless young Viking who aspires to hunt dragons becomes the unlikely friend of a young dragon himself, and learns there may be more to the creatures than he assumed.","Dean DeBlois, Chris Sanders","Jay Baruchel, Gerard Butler, Christopher Mintz-Plasse"
198,Gone Girl,2014,2h 29m,R,8.1,1.1M,The husband of a missing woman becomes the main suspect in her disappearance.,David Fincher,"Ben Affleck, Rosamund Pike, Neil Patrick Harris"
199,"Monsters, Inc.",2001,1h 32m,G,8.1,1.1M,"In order to power the city, monsters have to scare children so that they scream. However, the children are toxic to the monsters, and after a child gets through, two monsters realize things may not be what they think.","Pete Docter, David Silverman, Lee Unkrich","Billy Crystal, John Goodman, Mary Gibbs"
200,Jaws,1975,2h 4m,PG,8.1,724K,"When a massive killer shark unleashes chaos on a beach community off Long Island, it's up to the local police chief, a marine biologist, and an old seafarer to hunt the beast down.",Steven Spielberg,"Roy Scheider, Robert Shaw, Richard Dreyfuss"
201,In the Name of the Father,1993,2h 13m,R,8.1,200K,"An Irish man's coerced confession to an I.R.A. bombing he did not commit results in the imprisonment of his father as well. Meanwhile, a British lawyer fights to clear their names and free them.",Jim Sheridan,"Daniel Day-Lewis, Pete Postlethwaite, Anthony Brophy"
202,Ford v Ferrari,2019,2h 32m,PG-13,8.1,552K,American car designer Carroll Shelby and driver Ken Miles battle corporate interference and the laws of physics to build a revolutionary race car for Ford in order to defeat Ferrari at the 24 Hours of Le Mans in 1966.,James Mangold,"Matt Damon, Christian Bale, Jon Bernthal"
203,The Gold Rush,1925,1h 35m,Approved,8.1,127K,"A prospector goes to the Klondike during the 1890s gold rush in hopes of making his fortune, and is smitten with a girl he sees in a dance hall.",Charles Chaplin,"Charles Chaplin, Mack Swain, Tom Murray"
204,Wild Tales,2014,2h 2m,R,8.1,235K,Six short stories that explore the extremities of human behavior involving people in distress.,Damián Szifron,"Darío Grandinetti, María Marull, Mónica Villa"
205,Sherlock Jr.,1924,0h 45m,Passed,8.1,64K,"A film projectionist longs to be a detective, and puts his meagre skills to work when he is framed by a rival for stealing his girlfriend's father's pocketwatch.",Buster Keaton,"Buster Keaton, Kathryn McGuire, Joe Keaton"
206,Mary and Max,2009,1h 32m,Not Rated,8.1,200K,"In 1976 Melbourne, a lonely 8-year-old girl strikes up a correspondence with an unlikely pen pal: a severely obese 44-year-old New Yorker with Asperger's syndrome.",Adam Elliot,"Toni Collette, Philip Seymour Hoffman, Eric Bana"
207,The Deer Hunter,1978,3h 3m,R,8.1,383K,The lives of a group of friends are forever changed by the Vietnam War.,Michael Cimino,"Robert De Niro, Christopher Walken, John Cazale"
208,The Wages of Fear,1953,2h 36m,Not Rated,8.1,72K,"In a decrepit South American village, four men are hired to transport an urgent nitroglycerine shipment without the equipment that would make it safe.",Henri-Georges Clouzot,"Yves Montand, Charles Vanel, Peter van Eyck"
209,The General,1926,1h 18m,Passed,8.1,105K,"After being rejected by the Confederate military, not realizing it was due to his crucial civilian role, an engineer must single-handedly recapture his beloved locomotive after it is seized by Union spies and return it through enemy lines.","Clyde Bruckman, Buster Keaton","Buster Keaton, Marion Mack, Glen Cavender"
210,Logan,2017,2h 17m,R,8.1,911K,"In a future where mutants are nearly extinct, an elderly and weary Logan leads a quiet life. But when Laura, a mutant child pursued by scientists, comes to him for help, he must get her to safety.",James Mangold,"Hugh Jackman, Patrick Stewart, Dafne Keen"
211,Mr. Smith Goes to Washington,1939,2h 9m,Approved,8.1,128K,"A naive youth leader is appointed to fill a vacancy in the U.S. Senate. His idealistic plans promptly collide with corruption at home and subterfuge from his hero in Washington, but he tries to forge ahead despite attacks on his character.",Frank Capra,"James Stewart, Jean Arthur, Claude Rains"
212,Rocky,1976,2h,PG,8.1,677K,A small-time Philadelphia boxer gets a supremely rare chance to fight the world heavyweight champion in a bout in which he strives to go the distance for his self-respect.,John G. Avildsen,"Sylvester Stallone, Talia Shire, Burt Young"
213,On the Waterfront,1954,1h 48m,Approved,8.1,176K,"An ex-prize fighter turned New Jersey longshoreman struggles to stand up to his corrupt union bosses, including his older brother, as he starts to connect with the grieving sister of one of the syndicate's victims.",Elia Kazan,"Marlon Brando, Karl Malden, Lee J. Cobb"
214,Tokyo Story,1953,2h 17m,Not Rated,8.1,76K,"An old couple visit their children and grandchildren in the city, but receive little attention.",Yasujirô Ozu,"Chishû Ryû, Chieko Higashiyama, Sô Yamamura"
215,Wild Strawberries,1957,1h 32m,Not Rated,8.1,123K,"After living a life marked by coldness, an aging professor is forced to confront the emptiness of his existence.",Ingmar Bergman,"Victor Sjöström, Bibi Andersson, Ingrid Thulin"
216,Pirates of the Caribbean: The Curse of the Black Pearl,2003,2h 23m,PG-13,8.1,1.3M,"Blacksmith Will Turner teams up with eccentric pirate ""Captain"" Jack Sparrow to save Elizabeth Swann, the governor's daughter and his love, from Jack's former pirate allies, who are now undead.",Gore Verbinski,"Johnny Depp, Geoffrey Rush, Orlando Bloom"
217,The Third Man,1949,1h 44m,Approved,8.1,193K,"Pulp novelist Holly Martins travels to shadowy, postwar Vienna, only to find himself investigating the mysterious death of an old friend, Harry Lime.",Carol Reed,"Orson Welles, Joseph Cotten, Alida Valli"
218,Spotlight,2015,2h 9m,R,8.1,529K,"The true story of how the Boston Globe uncovered the massive scandal of child molestation and cover-up within the local Catholic Archdiocese, shaking the entire Catholic Church to its core.",Tom McCarthy,"Mark Ruffalo, Michael Keaton, Rachel McAdams"
219,La haine,1995,1h 38m,Not Rated,8.1,220K,24 hours in the lives of three young men in the French suburbs the day after a violent riot.,Mathieu Kassovitz,"Vincent Cassel, Hubert Koundé, Saïd Taghmaoui"
220,Maharaja,2024,2h 21m,N/A,8.3,78K,"A barber seeks vengeance after his home is burglarized, cryptically telling police his ""lakshmi"" has been taken, leaving them uncertain if it's a person or object. His quest to recover the elusive ""lakshmi"" unfolds.",Nithilan Saminathan,"Vijay Sethupathi, Anurag Kashyap, Mamta Mohandas"
221,Jai Bhim,2021,2h 44m,Approved,8.6,232K,"When a tribal man is arrested for a case of alleged theft, his wife turns to a human-rights lawyer to help bring justice.",T.J. Gnanavel,"Suriya, Lijo Mol Jose, Manikandan K."
222,The Terminator,1984,1h 47m,R,8.1,988K,A cyborg assassin from the future attempts to find and kill a young woman who is destined to give birth to a warrior that will lead a resistance to save humankind from extinction.,James Cameron,"Arnold Schwarzenegger, Linda Hamilton, Michael Biehn"
223,The Big Lebowski,1998,1h 57m,R,8.1,907K,"Jeff ""The Dude"" Lebowski, mistaken for a millionaire of the same name, seeks restitution for his ruined rug and enlists his bowling buddies to help get it.","Joel Coen, Ethan Coen","Jeff Bridges, John Goodman, Julianne Moore"
224,The Sound of Music,1965,2h 54m,G,8.1,286K,A young novice is sent by her convent in 1930s Austria to become a governess to the seven children of a widowed naval officer.,Robert Wise,"Julie Andrews, Christopher Plummer, Eleanor Parker"
225,The Best Years of Our Lives,1946,2h 50m,Approved,8.1,76K,Three traumatized or physically disabled World War II veterans return home to the American Midwest to discover that they and their families have been irreparably changed making readjustment difficult.,William Wyler,"Myrna Loy, Dana Andrews, Fredric March"
226,The Seventh Seal,1957,1h 36m,Not Rated,8.1,213K,"A knight returning to Sweden after the Crusades seeks answers about life, death, and the existence of God as he plays chess against the Grim Reaper during the Black Plague.",Ingmar Bergman,"Max von Sydow, Gunnar Björnstrand, Bengt Ekerot"
227,A Silent Voice: The Movie,2016,2h 10m,Not Rated,8.2,133K,"A deaf girl, Shoko, is bullied by the popular Shoya. As Shoya continues to bully Shoko, the class turns its back on him. Shoko transfers and Shoya grows up as an outcast. Alone and depressed, the regretful Shoya finds Shoko to make amends.",Naoko Yamada,"Miyu Irino, Saori Hayami, Aoi Yûki"
228,Room,2015,1h 58m,R,8.1,475K,"A little boy is held captive in a room with his mother since his birth, so he has never known the world outside.",Lenny Abrahamson,"Brie Larson, Jacob Tremblay, Sean Bridgers"
229,Hotel Rwanda,2004,2h 1m,PG-13,8.1,389K,"Paul Rusesabagina, a hotel manager, houses over a thousand Tutsi refugees during their struggle against the Hutu militia in Rwanda, Africa.",Terry George,"Don Cheadle, Sophie Okonedo, Joaquin Phoenix"
230,Platoon,1986,2h,R,8.1,466K,"Chris Taylor, a neophyte recruit in Vietnam, finds himself caught in a battle of wills between two sergeants, one good and the other evil. A shrewd examination of the brutality of war and the duality of man in conflict.",Oliver Stone,"Charlie Sheen, Tom Berenger, Willem Dafoe"
231,Before Sunset,2004,1h 20m,R,8.1,310K,"Nine years after Jesse and Celine first met, they encounter each other again on the French leg of Jesse's book tour.",Richard Linklater,"Ethan Hawke, Julie Delpy, Vernon Dobtcheff"
232,The Incredibles,2004,1h 55m,PG,8.0,883K,"While trying to lead a quiet suburban life, a family of undercover superheroes are forced into action to save the world.",Brad Bird,"Craig T. Nelson, Samuel L. Jackson, Holly Hunter"
233,The Exorcist,1973,2h 2m,R,8.1,491K,"When a mysterious entity possesses a young girl, her mother seeks the help of two Catholic priests to save her life.",William Friedkin,"Ellen Burstyn, Max von Sydow, Linda Blair"
234,Hachi: A Dog's Tale,2009,1h 33m,G,8.1,337K,"Professor Wilson discovers a lost Akita puppy on his way home. Despite objections from his wife, Hachi endears himself to the family and grows to be Parker's loyal companion. As their bond grows deeper, a beautiful relationship unfolds.",Lasse Hallström,"Richard Gere, Joan Allen, Cary-Hiroyuki Tagawa"
235,Rush,2013,2h 3m,R,8.1,550K,"James Hunt and Niki Lauda, two extremely skilled Formula One racers, have an intense rivalry with each other. However, it is their enmity that pushes them to their limits.",Ron Howard,"Daniel Brühl, Chris Hemsworth, Olivia Wilde"
236,The Wizard of Oz,1939,1h 42m,G,8.1,461K,"Young Dorothy Gale and her dog Toto are swept away by a tornado from their Kansas farm to the magical Land of Oz and embark on a quest with three new friends to see the Wizard, who can return her to her home and fulfill the others' wishes.","Victor Fleming, George Cukor, Norman Taurog","Judy Garland, Frank Morgan, Ray Bolger"
237,Chainsaw Man - The Movie: Reze Arc,2025,1h 40m,R,8.5,31K,"Denji encounters a new romantic interest, Reze, who works at a coffee café.",Tatsuya Yoshihara,"Kikunosuke Toya, Shiori Izawa, Tomori Kusunoki"
238,Stand by Me,1986,1h 29m,R,8.1,477K,A writer recounts a childhood journey with his friends to find the body of a missing boy.,Rob Reiner,"Wil Wheaton, River Phoenix, Corey Feldman"
239,The Passion of Joan of Arc,1928,1h 54m,Passed,8.1,67K,"In 1431, Jeanne d'Arc is placed on trial on charges of heresy, and the ecclesiastical jurists attempt to force her to recant her claims of holy visions.",Carl Theodor Dreyer,"Maria Falconetti, Eugene Silvain, André Berley"
240,The Iron Giant,1999,1h 26m,PG,8.1,254K,A young boy befriends a giant robot from outer space that a paranoid government agent wants to destroy.,Brad Bird,"Eli Marienthal, Harry Connick Jr., Jennifer Aniston"
241,My Father and My Son,2005,1h 52m,Not Rated,8.2,99K,The family of a left-wing journalist is torn apart after the military coup of Turkey in 1980.,Çagan Irmak,"Çetin Tekindor, Fikret Kuskan, Hümeyra"
242,The Battle of Algiers,1966,2h 1m,Not Rated,8.1,74K,"In the 1950s, fear and violence escalate as the people of Algiers fight for independence from the French government.",Gillo Pontecorvo,"Brahim Hadjadj, Jean Martin, Yacef Saadi"
243,The Handmaiden,2016,2h 25m,Not Rated,8.1,197K,"In 1930s Korea, a girl is hired as a handmaiden to a Japanese heiress who lives a secluded life on a countryside estate. But the maid has a secret: She is a pickpocket recruited by a swindler to help seduce the Lady and steal her fortune.",Park Chan-wook,"Kim Min-hee, Ha Jung-woo, Cho Jin-woong"
244,Network,1976,2h 1m,R,8.1,183K,"A television network cynically exploits a deranged former anchor's ravings and revelations about mass media for its own profit, but finds that his message may be difficult to control.",Sidney Lumet,"Faye Dunaway, William Holden, Peter Finch"
245,Gangs of Wasseypur,2012,5h 21m,Not Rated,8.2,112K,"A clash between Sultan and Shahid Khan leads to the expulsion of Khan from Wasseypur, and ignites a deadly blood feud spanning three generations.",Anurag Kashyap,"Manoj Bajpayee, Nawazuddin Siddiqui, Tigmanshu Dhulia"
246,Demon Slayer: Kimetsu no Yaiba - The Movie: Mugen Train,2020,1h 57m,R,8.2,96K,"After his family was brutally murdered and his sister turned into a demon, Tanjiro Kamado's journey as a demon slayer began. Tanjiro and his comrades embark on a new mission aboard the Mugen Train, on track to despair.",Haruo Sotozaki,"Natsuki Hanae, Akari Kitô, Yoshitsugu Matsuoka"
247,Drishyam,2015,2h 43m,Not Rated,8.2,106K,"Desperate measures are taken by a man who tries to save his family from the dark side of the law, after they commit an unexpected crime.",Nishikant Kamat,"Ajay Devgn, Shriya Saran, Tabu"
248,The Grapes of Wrath,1940,2h 9m,Approved,8.1,107K,"An Oklahoma family, driven off their farm by the poverty and hopelessness of the Dust Bowl, joins the westward migration to California, suffering the misfortunes of the homeless in the Great Depression.",John Ford,"Henry Fonda, Jane Darwell, John Carradine"
249,To Be or Not to Be,1942,1h 39m,Approved,8.1,49K,"During the German occupation of Poland, an acting troupe becomes embroiled in a Polish soldier's efforts to track down a German spy.",Ernst Lubitsch,"Carole Lombard, Jack Benny, Robert Stack"
250,Andhadhun,2018,2h 19m,Not Rated,8.2,113K,"A series of mysterious events change the life of a blind pianist, who must now report a crime that he should technically know nothing of.",Sriram Raghavan,"Ayushmann Khurrana, Tabu, Radhika Apte"
